label,fsd_data,electric_load_data,hydro_data,availability_data
3199420208449.5366,"[['Denmark', 'Bio10cofiring', 1, 'Generation', 13.847251108759927], ['Denmark', 'Bio10cofiring', 2, 'Generation', 0.7432480708961287], ['Denmark', 'Bio10cofiring', 3, 'Generation', 0.07819905079952141], ['Denmark', 'Bio10cofiring', 4, 'Generation', 0.844477059594438], ['Denmark', 'Bio10cofiring', 5, 'Generation', 0.5864100247326254], ['Denmark', 'Bio10cofiring', 6, 'Generation', 1.3551897430502469], ['Denmark', 'Bio10cofiring', 7, 'Generation', 1.608629494479947], ['Denmark', 'Bio10cofiring', 8, 'Generation', 2.165424602025565], ['Denmark', 'Bio10cofiringCCS', 1, 'Generation', 0.0], ['Denmark', 'Bio10cofiringCCS', 2, 'Generation', 0.0], ['Denmark', 'Bio10cofiringCCS', 3, 'Generation', 0.0], ['Denmark', 'Bio10cofiringCCS', 4, 'Generation', 0.0], ['Denmark', 'Bio10cofiringCCS', 5, 'Generation', 0.0], ['Denmark', 'Bio10cofiringCCS', 6, 'Generation', 0.0], ['Denmark', 'Bio10cofiringCCS', 7, 'Generation', 0.0], ['Denmark', 'Bio10cofiringCCS', 8, 'Generation', 0.0], ['Denmark', 'Bioexisting', 1, 'Generation', 0.0], ['Denmark', 'Bioexisting', 2, 'Generation', 0.0], ['Denmark', 'Bioexisting', 3, 'Generation', 0.0], ['Denmark', 'Bioexisting', 4, 'Generation', 0.0], ['Denmark', 'Bioexisting', 5, 'Generation', 0.0], ['Denmark', 'Bioexisting', 6, 'Generation', 0.0], ['Denmark', 'Bioexisting', 7, 'Generation', 0.0], ['Denmark', 'Bioexisting', 8, 'Generation', 0.0], ['Denmark', 'Coal', 1, 'Generation', 10.337407583782781], ['Denmark', 'Coal', 2, 'Generation', 0.0], ['Denmark', 'Coal', 3, 'Generation', 0.6705844819851837], ['Denmark', 'Coal', 4, 'Generation', 0.5519026439072998], ['Denmark', 'Coal', 5, 'Generation', 0.6438876850666623], ['Denmark', 'Coal', 6, 'Generation', 1.1890351147490061], ['Denmark', 'Coal', 7, 'Generation', 4.653770742342193], ['Denmark', 'Coal', 8, 'Generation', 6.104400487437817], ['Denmark', 'CoalCCSadv', 1, 'Generation', 0.0], ['Denmark', 'CoalCCSadv', 2, 'Generation', 0.0], ['Denmark', 'CoalCCSadv', 3, 'Generation', 0.0], ['Denmark', 'CoalCCSadv', 4, 'Generation', 0.0], ['Denmark', 'CoalCCSadv', 5, 'Generation', 0.0], ['Denmark', 'CoalCCSadv', 6, 'Generation', 0.0], ['Denmark', 'CoalCCSadv', 7, 'Generation', 0.0], ['Denmark', 'CoalCCSadv', 8, 'Generation', 0.0], ['Denmark', 'Coalexisting', 1, 'Generation', 0.0], ['Denmark', 'Coalexisting', 2, 'Generation', 0.0], ['Denmark', 'Coalexisting', 3, 'Generation', 0.0], ['Denmark', 'Coalexisting', 4, 'Generation', 0.0], ['Denmark', 'Coalexisting', 5, 'Generation', 0.0], ['Denmark', 'Coalexisting', 6, 'Generation', 0.0], ['Denmark', 'Coalexisting', 7, 'Generation', 0.0], ['Denmark', 'Coalexisting', 8, 'Generation', 0.0], ['Denmark', 'GasCCGT', 1, 'Generation', 14044.720563728491], ['Denmark', 'GasCCGT', 2, 'Generation', 4530.7673881840965], ['Denmark', 'GasCCGT', 3, 'Generation', 9124.339676153517], ['Denmark', 'GasCCGT', 4, 'Generation', 8578.422619967032], ['Denmark', 'GasCCGT', 5, 'Generation', 0.0], ['Denmark', 'GasCCGT', 6, 'Generation', 1892.7605791155129], ['Denmark', 'GasCCGT', 7, 'Generation', 30033.484656639783], ['Denmark', 'GasCCGT', 8, 'Generation', 8786.124627834142], ['Denmark', 'GasCCSadv', 1, 'Generation', 0.0], ['Denmark', 'GasCCSadv', 2, 'Generation', 0.0], ['Denmark', 'GasCCSadv', 3, 'Generation', 0.0], ['Denmark', 'GasCCSadv', 4, 'Generation', 0.0], ['Denmark', 'GasCCSadv', 5, 'Generation', 0.0], ['Denmark', 'GasCCSadv', 6, 'Generation', 0.0], ['Denmark', 'GasCCSadv', 7, 'Generation', 0.0], ['Denmark', 'GasCCSadv', 8, 'Generation', 0.0], ['Denmark', 'GasOCGT', 1, 'Generation', 6980.341376066563], ['Denmark', 'GasOCGT', 2, 'Generation', 6906.246929207206], ['Denmark', 'GasOCGT', 3, 'Generation', 3.802157216510041], ['Denmark', 'GasOCGT', 4, 'Generation', 176.4198511801307], ['Denmark', 'GasOCGT', 5, 'Generation', 1.2951469661621882], ['Denmark', 'GasOCGT', 6, 'Generation', 0.0], ['Denmark', 'GasOCGT', 7, 'Generation', 6042.686692867066], ['Denmark', 'GasOCGT', 8, 'Generation', 4033.83112990177], ['Denmark', 'Gasexisting', 1, 'Generation', 0.0], ['Denmark', 'Gasexisting', 2, 'Generation', 0.0], ['Denmark', 'Gasexisting', 3, 'Generation', 0.0], ['Denmark', 'Gasexisting', 4, 'Generation', 0.0], ['Denmark', 'Gasexisting', 5, 'Generation', 0.0], ['Denmark', 'Gasexisting', 6, 'Generation', 0.0], ['Denmark', 'Gasexisting', 7, 'Generation', 0.0], ['Denmark', 'Gasexisting', 8, 'Generation', 0.0], ['Denmark', 'Germany', 1, 'Transmission', 0.0], ['Denmark', 'Germany', 2, 'Transmission', 1999.7617019879974], ['Denmark', 'Germany', 3, 'Transmission', 1.2057249661491616], ['Denmark', 'Germany', 4, 'Transmission', 0.062076254259930096], ['Denmark', 'Germany', 5, 'Transmission', 0.11829298259097354], ['Denmark', 'Germany', 6, 'Transmission', 0.0029915545518085507], ['Denmark', 'Germany', 7, 'Transmission', 0.03955543145725981], ['Denmark', 'Germany', 8, 'Transmission', 0.0], ['Denmark', 'Hydrorun-of-the-river', 1, 'Generation', 0.0911214181518113], ['Denmark', 'Hydrorun-of-the-river', 2, 'Generation', 0.041344841891041914], ['Denmark', 'Hydrorun-of-the-river', 3, 'Generation', 0.015144856520693565], ['Denmark', 'Hydrorun-of-the-river', 4, 'Generation', 0.10216786295435455], ['Denmark', 'Hydrorun-of-the-river', 5, 'Generation', 0.7578347886206169], ['Denmark', 'Hydrorun-of-the-river', 6, 'Generation', 0.0], ['Denmark', 'Hydrorun-of-the-river', 7, 'Generation', 0.03494727367121134], ['Denmark', 'Hydrorun-of-the-river', 8, 'Generation', 0.05841916802855617], ['Denmark', 'Li-Ion_BESS', 1, 'Storage Energy', 379.37105471550944], ['Denmark', 'Li-Ion_BESS', 1, 'Storage Power', 93.70966462611284], ['Denmark', 'Li-Ion_BESS', 2, 'Storage Energy', 1689.691275622707], ['Denmark', 'Li-Ion_BESS', 2, 'Storage Power', 10.757562230454027], ['Denmark', 'Li-Ion_BESS', 3, 'Storage Energy', 0.0], ['Denmark', 'Li-Ion_BESS', 3, 'Storage Power', 213.04888423647768], ['Denmark', 'Li-Ion_BESS', 4, 'Storage Energy', 120.51941616634666], ['Denmark', 'Li-Ion_BESS', 4, 'Storage Power', 52.4801401453769], ['Denmark', 'Li-Ion_BESS', 5, 'Storage Energy', 917.7537072767927], ['Denmark', 'Li-Ion_BESS', 5, 'Storage Power', 0.0], ['Denmark', 'Li-Ion_BESS', 6, 'Storage Energy', 2365.796890555921], ['Denmark', 'Li-Ion_BESS', 6, 'Storage Power', 0.0], ['Denmark', 'Li-Ion_BESS', 7, 'Storage Energy', 45.541364411014], ['Denmark', 'Li-Ion_BESS', 7, 'Storage Power', 0.0], ['Denmark', 'Li-Ion_BESS', 8, 'Storage Energy', 541.4432997310978], ['Denmark', 'Li-Ion_BESS', 8, 'Storage Power', 0.0], ['Denmark', 'Oilexisting', 1, 'Generation', 0.0], ['Denmark', 'Oilexisting', 2, 'Generation', 0.0], ['Denmark', 'Oilexisting', 3, 'Generation', 0.0], ['Denmark', 'Oilexisting', 4, 'Generation', 0.0], ['Denmark', 'Oilexisting', 5, 'Generation', 0.0], ['Denmark', 'Oilexisting', 6, 'Generation', 0.0], ['Denmark', 'Oilexisting', 7, 'Generation', 0.0], ['Denmark', 'Oilexisting', 8, 'Generation', 0.0], ['Denmark', 'Solar', 1, 'Generation', 0.1278111335846009], ['Denmark', 'Solar', 2, 'Generation', 0.050067540761176366], ['Denmark', 'Solar', 3, 'Generation', 0.6812172112619412], ['Denmark', 'Solar', 4, 'Generation', 0.014629602972267442], ['Denmark', 'Solar', 5, 'Generation', 2.1623831766855064], ['Denmark', 'Solar', 6, 'Generation', 14140.24478690109], ['Denmark', 'Solar', 7, 'Generation', 38343.655925358515], ['Denmark', 'Solar', 8, 'Generation', 3560.365665929855], ['Denmark', 'Waste', 1, 'Generation', 0.0], ['Denmark', 'Waste', 2, 'Generation', 0.0], ['Denmark', 'Waste', 3, 'Generation', 0.0], ['Denmark', 'Waste', 4, 'Generation', 0.0], ['Denmark', 'Waste', 5, 'Generation', 0.0], ['Denmark', 'Waste', 6, 'Generation', 0.0], ['Denmark', 'Waste', 7, 'Generation', 0.0], ['Denmark', 'Waste', 8, 'Generation', 0.0], ['Denmark', 'Windoffshore', 1, 'Generation', 0.0], ['Denmark', 'Windoffshore', 2, 'Generation', 0.005460110932666049], ['Denmark', 'Windoffshore', 3, 'Generation', 0.3029816068700049], ['Denmark', 'Windoffshore', 4, 'Generation', 0.47328923934055317], ['Denmark', 'Windoffshore', 5, 'Generation', 0.0], ['Denmark', 'Windoffshore', 6, 'Generation', 2772.1436125877985], ['Denmark', 'Windoffshore', 7, 'Generation', 12182.28514533372], ['Denmark', 'Windoffshore', 8, 'Generation', 0.0], ['Denmark', 'Windonshore', 1, 'Generation', 0.04392698994706129], ['Denmark', 'Windonshore', 2, 'Generation', 0.1352135166677109], ['Denmark', 'Windonshore', 3, 'Generation', 0.9510241571523899], ['Denmark', 'Windonshore', 4, 'Generation', 0.16585641372461424], ['Denmark', 'Windonshore', 5, 'Generation', 40263.47233385348], ['Denmark', 'Windonshore', 6, 'Generation', 12330.301050695562], ['Denmark', 'Windonshore', 7, 'Generation', 1869.3741711101532], ['Denmark', 'Windonshore', 8, 'Generation', 0.0], ['France', 'Bio', 1, 'Generation', 5.099192920536613], ['France', 'Bio', 2, 'Generation', 0.6417082080699313], ['France', 'Bio', 3, 'Generation', 39310.61814898354], ['France', 'Bio', 4, 'Generation', 56015.64524398648], ['France', 'Bio', 5, 'Generation', 0.0], ['France', 'Bio', 6, 'Generation', 43604.6004662255], ['France', 'Bio', 7, 'Generation', 23336.41204423663], ['France', 'Bio', 8, 'Generation', 0.0], ['France', 'Bio10cofiring', 1, 'Generation', 72609.74050934236], ['France', 'Bio10cofiring', 2, 'Generation', 108930.66331568627], ['France', 'Bio10cofiring', 3, 'Generation', 0.0], ['France', 'Bio10cofiring', 4, 'Generation', 0.30220835824880155], ['France', 'Bio10cofiring', 5, 'Generation', 0.10997423420905159], ['France', 'Bio10cofiring', 6, 'Generation', 0.27136937440657366], ['France', 'Bio10cofiring', 7, 'Generation', 0.027538146902157154], ['France', 'Bio10cofiring', 8, 'Generation', 0.0], ['France', 'Bio10cofiringCCS', 1, 'Generation', 0.0], ['France', 'Bio10cofiringCCS', 2, 'Generation', 0.0], ['France', 'Bio10cofiringCCS', 3, 'Generation', 0.0], ['France', 'Bio10cofiringCCS', 4, 'Generation', 0.0], ['France', 'Bio10cofiringCCS', 5, 'Generation', 0.0], ['France', 'Bio10cofiringCCS', 6, 'Generation', 0.0], ['France', 'Bio10cofiringCCS', 7, 'Generation', 0.0], ['France', 'Bio10cofiringCCS', 8, 'Generation', 0.0], ['France', 'Bioexisting', 1, 'Generation', 0.0], ['France', 'Bioexisting', 2, 'Generation', 0.0], ['France', 'Bioexisting', 3, 'Generation', 0.0], ['France', 'Bioexisting', 4, 'Generation', 0.0], ['France', 'Bioexisting', 5, 'Generation', 0.0], ['France', 'Bioexisting', 6, 'Generation', 0.0], ['France', 'Bioexisting', 7, 'Generation', 0.0], ['France', 'Bioexisting', 8, 'Generation', 0.0], ['France', 'Coal', 1, 'Generation', 33.62235765841608], ['France', 'Coal', 2, 'Generation', 36.089060348431545], ['France', 'Coal', 3, 'Generation', 0.42326319484892894], ['France', 'Coal', 4, 'Generation', 0.4098030553302872], ['France', 'Coal', 5, 'Generation', 0.059110078781026636], ['France', 'Coal', 6, 'Generation', 0.08495123190828367], ['France', 'Coal', 7, 'Generation', 0.0], ['France', 'Coal', 8, 'Generation', 0.0], ['France', 'CoalCCS', 1, 'Generation', 0.0], ['France', 'CoalCCS', 2, 'Generation', 0.0], ['France', 'CoalCCS', 3, 'Generation', 0.0], ['France', 'CoalCCS', 4, 'Generation', 0.0], ['France', 'CoalCCS', 5, 'Generation', 0.0], ['France', 'CoalCCS', 6, 'Generation', 0.0], ['France', 'CoalCCS', 7, 'Generation', 0.0], ['France', 'CoalCCS', 8, 'Generation', 0.0], ['France', 'CoalCCSadv', 1, 'Generation', 0.0], ['France', 'CoalCCSadv', 2, 'Generation', 0.0], ['France', 'CoalCCSadv', 3, 'Generation', 0.0], ['France', 'CoalCCSadv', 4, 'Generation', 0.0], ['France', 'CoalCCSadv', 5, 'Generation', 0.0], ['France', 'CoalCCSadv', 6, 'Generation', 0.0], ['France', 'CoalCCSadv', 7, 'Generation', 0.0], ['France', 'CoalCCSadv', 8, 'Generation', 0.0], ['France', 'Coalexisting', 1, 'Generation', 0.0], ['France', 'Coalexisting', 2, 'Generation', 0.0], ['France', 'Coalexisting', 3, 'Generation', 0.0], ['France', 'Coalexisting', 4, 'Generation', 0.0], ['France', 'Coalexisting', 5, 'Generation', 0.0], ['France', 'Coalexisting', 6, 'Generation', 0.0], ['France', 'Coalexisting', 7, 'Generation', 0.0], ['France', 'Coalexisting', 8, 'Generation', 0.0], ['France', 'GasCCGT', 1, 'Generation', 91063.48061968911], ['France', 'GasCCGT', 2, 'Generation', 2691.733048697934], ['France', 'GasCCGT', 3, 'Generation', 2953.946814241742], ['France', 'GasCCGT', 4, 'Generation', 3719.9197889130382], ['France', 'GasCCGT', 5, 'Generation', 181.85853959682834], ['France', 'GasCCGT', 6, 'Generation', 215.36671456119086], ['France', 'GasCCGT', 7, 'Generation', 97437.640051623], ['France', 'GasCCGT', 8, 'Generation', 45484.45641372485], ['France', 'GasCCS', 1, 'Generation', 0.0], ['France', 'GasCCS', 2, 'Generation', 0.0], ['France', 'GasCCS', 3, 'Generation', 0.0], ['France', 'GasCCS', 4, 'Generation', 0.0], ['France', 'GasCCS', 5, 'Generation', 0.0], ['France', 'GasCCS', 6, 'Generation', 0.0], ['France', 'GasCCS', 7, 'Generation', 0.0], ['France', 'GasCCS', 8, 'Generation', 0.0], ['France', 'GasCCSadv', 1, 'Generation', 0.0], ['France', 'GasCCSadv', 2, 'Generation', 0.0], ['France', 'GasCCSadv', 3, 'Generation', 0.0], ['France', 'GasCCSadv', 4, 'Generation', 0.0], ['France', 'GasCCSadv', 5, 'Generation', 0.0], ['France', 'GasCCSadv', 6, 'Generation', 0.0], ['France', 'GasCCSadv', 7, 'Generation', 0.0], ['France', 'GasCCSadv', 8, 'Generation', 0.0], ['France', 'GasOCGT', 1, 'Generation', 76355.59407695546], ['France', 'GasOCGT', 2, 'Generation', 10.504527710426743], ['France', 'GasOCGT', 3, 'Generation', 0.0], ['France', 'GasOCGT', 4, 'Generation', 0.0], ['France', 'GasOCGT', 5, 'Generation', 0.0008832285547201967], ['France', 'GasOCGT', 6, 'Generation', 0.05698371083374941], ['France', 'GasOCGT', 7, 'Generation', 69.32015336844057], ['France', 'GasOCGT', 8, 'Generation', 33.90978231234662], ['France', 'Gasexisting', 1, 'Generation', 0.0], ['France', 'Gasexisting', 2, 'Generation', 0.0], ['France', 'Gasexisting', 3, 'Generation', 0.0], ['France', 'Gasexisting', 4, 'Generation', 0.0], ['France', 'Gasexisting', 5, 'Generation', 0.0], ['France', 'Gasexisting', 6, 'Generation', 0.0], ['France', 'Gasexisting', 7, 'Generation', 0.0], ['France', 'Gasexisting', 8, 'Generation', 0.0], ['France', 'Geo', 1, 'Generation', 0.17845235323273545], ['France', 'Geo', 2, 'Generation', 0.1983836844260591], ['France', 'Geo', 3, 'Generation', 1.356499719757465], ['France', 'Geo', 4, 'Generation', 0.1194927152227237], ['France', 'Geo', 5, 'Generation', 36.92551237257699], ['France', 'Geo', 6, 'Generation', 19.745035676626316], ['France', 'Geo', 7, 'Generation', 0.0], ['France', 'Geo', 8, 'Generation', 0.17733153936541274], ['France', 'Germany', 1, 'Transmission', 0.0], ['France', 'Germany', 2, 'Transmission', 0.0], ['France', 'Germany', 3, 'Transmission', 1799.40283282403], ['France', 'Germany', 4, 'Transmission', 0.0798572802914229], ['France', 'Germany', 5, 'Transmission', 0.07788774247313458], ['France', 'Germany', 6, 'Transmission', 0.003576153205866142], ['France', 'Germany', 7, 'Transmission', 0.12258253253009932], ['France', 'Germany', 8, 'Transmission', 0.023571902983252065], ['France', 'HydroPumpStorage', 1, 'Storage Energy', 0.01174436522473439], ['France', 'HydroPumpStorage', 1, 'Storage Power', 0.0], ['France', 'HydroPumpStorage', 2, 'Storage Energy', 0.05010715763649511], ['France', 'HydroPumpStorage', 2, 'Storage Power', 0.0], ['France', 'HydroPumpStorage', 3, 'Storage Energy', 0.11148990344179437], ['France', 'HydroPumpStorage', 3, 'Storage Power', 635.9608606849833], ['France', 'HydroPumpStorage', 4, 'Storage Energy', 0.047696814172368596], ['France', 'HydroPumpStorage', 4, 'Storage Power', 1112.6253294526746], ['France', 'HydroPumpStorage', 5, 'Storage Energy', 0.39234743226437596], ['France', 'HydroPumpStorage', 5, 'Storage Power', 156.74652295246432], ['France', 'HydroPumpStorage', 6, 'Storage Energy', 0.0967279991830726], ['France', 'HydroPumpStorage', 6, 'Storage Power', 74.0575039541614], ['France', 'HydroPumpStorage', 7, 'Storage Energy', 0.005503252737161568], ['France', 'HydroPumpStorage', 7, 'Storage Power', 0.0], ['France', 'HydroPumpStorage', 8, 'Storage Energy', 0.6231691590905865], ['France', 'HydroPumpStorage', 8, 'Storage Power', 93.55204297949166], ['France', 'Hydroregulated', 1, 'Generation', 0.014315926282944758], ['France', 'Hydroregulated', 2, 'Generation', 0.0009013319305756721], ['France', 'Hydroregulated', 3, 'Generation', 0.025145009177497308], ['France', 'Hydroregulated', 4, 'Generation', 0.06944321466996956], ['France', 'Hydroregulated', 5, 'Generation', 0.09593201998378575], ['France', 'Hydroregulated', 6, 'Generation', 0.19821431104084067], ['France', 'Hydroregulated', 7, 'Generation', 0.035010003758873295], ['France', 'Hydroregulated', 8, 'Generation', 0.07964599782639828], ['France', 'Hydrorun-of-the-river', 1, 'Generation', 4714.737227238662], ['France', 'Hydrorun-of-the-river', 2, 'Generation', 0.30984081783768197], ['France', 'Hydrorun-of-the-river', 3, 'Generation', 1161.4799710938664], ['France', 'Hydrorun-of-the-river', 4, 'Generation', 0.07444896857049588], ['France', 'Hydrorun-of-the-river', 5, 'Generation', 0.02114492521232841], ['France', 'Hydrorun-of-the-river', 6, 'Generation', 0.021165085559968745], ['France', 'Hydrorun-of-the-river', 7, 'Generation', 0.01394754654366601], ['France', 'Hydrorun-of-the-river', 8, 'Generation', 0.03455795242523201], ['France', 'Li-Ion_BESS', 1, 'Storage Energy', 2540.5274897846994], ['France', 'Li-Ion_BESS', 1, 'Storage Power', 362.0012383290684], ['France', 'Li-Ion_BESS', 2, 'Storage Energy', 7388.947038215267], ['France', 'Li-Ion_BESS', 2, 'Storage Power', 4700.0360334631205], ['France', 'Li-Ion_BESS', 3, 'Storage Energy', 5004.1847326913385], ['France', 'Li-Ion_BESS', 3, 'Storage Power', 3611.1456365482327], ['France', 'Li-Ion_BESS', 4, 'Storage Energy', 24693.51289814584], ['France', 'Li-Ion_BESS', 4, 'Storage Power', 6023.414271524002], ['France', 'Li-Ion_BESS', 5, 'Storage Energy', 43591.969903139514], ['France', 'Li-Ion_BESS', 5, 'Storage Power', 0.0], ['France', 'Li-Ion_BESS', 6, 'Storage Energy', 16002.205743640909], ['France', 'Li-Ion_BESS', 6, 'Storage Power', 0.0], ['France', 'Li-Ion_BESS', 7, 'Storage Energy', 58138.1715192315], ['France', 'Li-Ion_BESS', 7, 'Storage Power', 9921.368130647297], ['France', 'Li-Ion_BESS', 8, 'Storage Energy', 106576.46073904517], ['France', 'Li-Ion_BESS', 8, 'Storage Power', 0.0], ['France', 'Nuclear', 1, 'Generation', 0.07282715152072469], ['France', 'Nuclear', 2, 'Generation', 0.1819018256058792], ['France', 'Nuclear', 3, 'Generation', 0.14989582433045973], ['France', 'Nuclear', 4, 'Generation', 0.427356368910361], ['France', 'Nuclear', 5, 'Generation', 0.8202970746232123], ['France', 'Nuclear', 6, 'Generation', 0.2256030062722464], ['France', 'Nuclear', 7, 'Generation', 10.21513770274342], ['France', 'Nuclear', 8, 'Generation', 4.450373312900056], ['France', 'Oilexisting', 1, 'Generation', 0.0], ['France', 'Oilexisting', 2, 'Generation', 0.0], ['France', 'Oilexisting', 3, 'Generation', 0.0], ['France', 'Oilexisting', 4, 'Generation', 0.0], ['France', 'Oilexisting', 5, 'Generation', 0.0], ['France', 'Oilexisting', 6, 'Generation', 0.0], ['France', 'Oilexisting', 7, 'Generation', 0.0], ['France', 'Oilexisting', 8, 'Generation', 0.0], ['France', 'Solar', 1, 'Generation', 0.23373959944153572], ['France', 'Solar', 2, 'Generation', 0.31837142987828826], ['France', 'Solar', 3, 'Generation', 0.0], ['France', 'Solar', 4, 'Generation', 11.603865892696376], ['France', 'Solar', 5, 'Generation', 94126.10024540813], ['France', 'Solar', 6, 'Generation', 175005.52899029106], ['France', 'Solar', 7, 'Generation', 80466.99558129549], ['France', 'Solar', 8, 'Generation', 263687.9957090343], ['France', 'Waste', 1, 'Generation', 48.30403701518249], ['France', 'Waste', 2, 'Generation', 9.604051132678045], ['France', 'Waste', 3, 'Generation', 0.017424812328139604], ['France', 'Waste', 4, 'Generation', 0.0063030749266010325], ['France', 'Waste', 5, 'Generation', 0.015747814905597003], ['France', 'Waste', 6, 'Generation', 0.008467908291300062], ['France', 'Waste', 7, 'Generation', 0.00795822213573395], ['France', 'Waste', 8, 'Generation', 0.00027813507930263444], ['France', 'Wave', 1, 'Generation', 0.01996556742172938], ['France', 'Wave', 2, 'Generation', 7.613181538171777e-05], ['France', 'Wave', 3, 'Generation', 0.07178661299674954], ['France', 'Wave', 4, 'Generation', 0.008469425266875191], ['France', 'Wave', 5, 'Generation', 195.54349225491617], ['France', 'Wave', 6, 'Generation', 138.024041208474], ['France', 'Wave', 7, 'Generation', 43.65919685279566], ['France', 'Wave', 8, 'Generation', 0.0713777755357889], ['France', 'Windoffshore', 1, 'Generation', 2.533026811321676], ['France', 'Windoffshore', 2, 'Generation', 0.026418077666186097], ['France', 'Windoffshore', 3, 'Generation', 12802.077134091274], ['France', 'Windoffshore', 4, 'Generation', 19925.365416598637], ['France', 'Windoffshore', 5, 'Generation', 13.342422281997614], ['France', 'Windoffshore', 6, 'Generation', 0.0], ['France', 'Windoffshore', 7, 'Generation', 32876.119398736235], ['France', 'Windoffshore', 8, 'Generation', 0.0], ['France', 'Windonshore', 1, 'Generation', 0.4317951196192602], ['France', 'Windonshore', 2, 'Generation', 0.8940605669164567], ['France', 'Windonshore', 3, 'Generation', 35933.85905582846], ['France', 'Windonshore', 4, 'Generation', 0.0], ['France', 'Windonshore', 5, 'Generation', 380013.6933199646], ['France', 'Windonshore', 6, 'Generation', 74156.93544824237], ['France', 'Windonshore', 7, 'Generation', 229224.5321925956], ['France', 'Windonshore', 8, 'Generation', 163659.39500294416], ['Germany', 'Bio', 1, 'Generation', 2.9215462625726927], ['Germany', 'Bio', 2, 'Generation', 0.04180186022817891], ['Germany', 'Bio', 3, 'Generation', 77658.36318833719], ['Germany', 'Bio', 4, 'Generation', 138751.41903540588], ['Germany', 'Bio', 5, 'Generation', 3185.268619243303], ['Germany', 'Bio', 6, 'Generation', 2398.562423964208], ['Germany', 'Bio', 7, 'Generation', 1460.3693183632042], ['Germany', 'Bio', 8, 'Generation', 0.0], ['Germany', 'Bio10cofiring', 1, 'Generation', 61732.511923985236], ['Germany', 'Bio10cofiring', 2, 'Generation', 91803.19560745846], ['Germany', 'Bio10cofiring', 3, 'Generation', 8.519535654695913], ['Germany', 'Bio10cofiring', 4, 'Generation', 0.8391345551998632], ['Germany', 'Bio10cofiring', 5, 'Generation', 0.0], ['Germany', 'Bio10cofiring', 6, 'Generation', 0.0], ['Germany', 'Bio10cofiring', 7, 'Generation', 0.04785644182784337], ['Germany', 'Bio10cofiring', 8, 'Generation', 0.012039792462047364], ['Germany', 'Bio10cofiringCCS', 1, 'Generation', 0.0], ['Germany', 'Bio10cofiringCCS', 2, 'Generation', 0.0], ['Germany', 'Bio10cofiringCCS', 3, 'Generation', 0.0], ['Germany', 'Bio10cofiringCCS', 4, 'Generation', 0.0], ['Germany', 'Bio10cofiringCCS', 5, 'Generation', 0.0], ['Germany', 'Bio10cofiringCCS', 6, 'Generation', 0.0], ['Germany', 'Bio10cofiringCCS', 7, 'Generation', 0.0], ['Germany', 'Bio10cofiringCCS', 8, 'Generation', 0.0], ['Germany', 'Bioexisting', 1, 'Generation', 0.0], ['Germany', 'Bioexisting', 2, 'Generation', 0.0], ['Germany', 'Bioexisting', 3, 'Generation', 0.0], ['Germany', 'Bioexisting', 4, 'Generation', 0.0], ['Germany', 'Bioexisting', 5, 'Generation', 0.0], ['Germany', 'Bioexisting', 6, 'Generation', 0.0], ['Germany', 'Bioexisting', 7, 'Generation', 0.0], ['Germany', 'Bioexisting', 8, 'Generation', 0.0], ['Germany', 'Coal', 1, 'Generation', 26.874710979259582], ['Germany', 'Coal', 2, 'Generation', 2958.0536239990215], ['Germany', 'Coal', 3, 'Generation', 50706.555626434645], ['Germany', 'Coal', 4, 'Generation', 1960.90769100134], ['Germany', 'Coal', 5, 'Generation', 1057.5081747271483], ['Germany', 'Coal', 6, 'Generation', 6030.391662438265], ['Germany', 'Coal', 7, 'Generation', 979.359309782729], ['Germany', 'Coal', 8, 'Generation', 0.0], ['Germany', 'CoalCCS', 1, 'Generation', 0.0], ['Germany', 'CoalCCS', 2, 'Generation', 0.0], ['Germany', 'CoalCCS', 3, 'Generation', 0.0], ['Germany', 'CoalCCS', 4, 'Generation', 0.0], ['Germany', 'CoalCCS', 5, 'Generation', 0.0], ['Germany', 'CoalCCS', 6, 'Generation', 0.0], ['Germany', 'CoalCCS', 7, 'Generation', 0.0], ['Germany', 'CoalCCS', 8, 'Generation', 0.0], ['Germany', 'CoalCCSadv', 1, 'Generation', 0.0], ['Germany', 'CoalCCSadv', 2, 'Generation', 0.0], ['Germany', 'CoalCCSadv', 3, 'Generation', 0.0], ['Germany', 'CoalCCSadv', 4, 'Generation', 0.0], ['Germany', 'CoalCCSadv', 5, 'Generation', 0.0], ['Germany', 'CoalCCSadv', 6, 'Generation', 0.0], ['Germany', 'CoalCCSadv', 7, 'Generation', 0.0], ['Germany', 'CoalCCSadv', 8, 'Generation', 0.0], ['Germany', 'Coalexisting', 1, 'Generation', 0.0], ['Germany', 'Coalexisting', 2, 'Generation', 0.0], ['Germany', 'Coalexisting', 3, 'Generation', 0.0], ['Germany', 'Coalexisting', 4, 'Generation', 0.0], ['Germany', 'Coalexisting', 5, 'Generation', 0.0], ['Germany', 'Coalexisting', 6, 'Generation', 0.0], ['Germany', 'Coalexisting', 7, 'Generation', 0.0], ['Germany', 'Coalexisting', 8, 'Generation', 0.0], ['Germany', 'GasCCGT', 1, 'Generation', 169408.80021076612], ['Germany', 'GasCCGT', 2, 'Generation', 9695.510914063776], ['Germany', 'GasCCGT', 3, 'Generation', 7932.2756683044745], ['Germany', 'GasCCGT', 4, 'Generation', 9988.678689478038], ['Germany', 'GasCCGT', 5, 'Generation', 493.78892129666144], ['Germany', 'GasCCGT', 6, 'Generation', 2443.828113503622], ['Germany', 'GasCCGT', 7, 'Generation', 169434.40482457328], ['Germany', 'GasCCGT', 8, 'Generation', 9693.701486851453], ['Germany', 'GasCCS', 1, 'Generation', 0.0], ['Germany', 'GasCCS', 2, 'Generation', 0.0], ['Germany', 'GasCCS', 3, 'Generation', 0.0], ['Germany', 'GasCCS', 4, 'Generation', 0.0], ['Germany', 'GasCCS', 5, 'Generation', 0.0], ['Germany', 'GasCCS', 6, 'Generation', 0.0], ['Germany', 'GasCCS', 7, 'Generation', 0.0], ['Germany', 'GasCCS', 8, 'Generation', 0.0], ['Germany', 'GasCCSadv', 1, 'Generation', 0.0], ['Germany', 'GasCCSadv', 2, 'Generation', 0.0], ['Germany', 'GasCCSadv', 3, 'Generation', 0.0], ['Germany', 'GasCCSadv', 4, 'Generation', 0.0], ['Germany', 'GasCCSadv', 5, 'Generation', 0.0], ['Germany', 'GasCCSadv', 6, 'Generation', 0.0], ['Germany', 'GasCCSadv', 7, 'Generation', 0.0], ['Germany', 'GasCCSadv', 8, 'Generation', 0.0], ['Germany', 'GasOCGT', 1, 'Generation', 32.847064693832], ['Germany', 'GasOCGT', 2, 'Generation', 0.20598904381342684], ['Germany', 'GasOCGT', 3, 'Generation', 0.015085529677616208], ['Germany', 'GasOCGT', 4, 'Generation', 0.009929318288766208], ['Germany', 'GasOCGT', 5, 'Generation', 0.0], ['Germany', 'GasOCGT', 6, 'Generation', 0.02363055982539726], ['Germany', 'GasOCGT', 7, 'Generation', 10.316967721795946], ['Germany', 'GasOCGT', 8, 'Generation', 2.4049419290801284], ['Germany', 'Gasexisting', 1, 'Generation', 0.0], ['Germany', 'Gasexisting', 2, 'Generation', 0.0], ['Germany', 'Gasexisting', 3, 'Generation', 0.0], ['Germany', 'Gasexisting', 4, 'Generation', 0.0], ['Germany', 'Gasexisting', 5, 'Generation', 0.0], ['Germany', 'Gasexisting', 6, 'Generation', 0.0], ['Germany', 'Gasexisting', 7, 'Generation', 0.0], ['Germany', 'Gasexisting', 8, 'Generation', 0.0], ['Germany', 'Geo', 1, 'Generation', 0.0], ['Germany', 'Geo', 2, 'Generation', 0.03732101261112773], ['Germany', 'Geo', 3, 'Generation', 0.0], ['Germany', 'Geo', 4, 'Generation', 55.786413595749494], ['Germany', 'Geo', 5, 'Generation', 156.45722608438837], ['Germany', 'Geo', 6, 'Generation', 0.007646994099103483], ['Germany', 'Geo', 7, 'Generation', 0.0], ['Germany', 'Geo', 8, 'Generation', 0.0], ['Germany', 'HydroPumpStorage', 1, 'Storage Energy', 0.0], ['Germany', 'HydroPumpStorage', 1, 'Storage Power', 0.052444762733966144], ['Germany', 'HydroPumpStorage', 2, 'Storage Energy', 1133.6942286098845], ['Germany', 'HydroPumpStorage', 2, 'Storage Power', 0.0], ['Germany', 'HydroPumpStorage', 3, 'Storage Energy', 3583.0720670402975], ['Germany', 'HydroPumpStorage', 3, 'Storage Power', 0.10074186297674864], ['Germany', 'HydroPumpStorage', 4, 'Storage Energy', 0.0], ['Germany', 'HydroPumpStorage', 4, 'Storage Power', 0.08417245676158022], ['Germany', 'HydroPumpStorage', 5, 'Storage Energy', 0.0], ['Germany', 'HydroPumpStorage', 5, 'Storage Power', 0.0], ['Germany', 'HydroPumpStorage', 6, 'Storage Energy', 0.28866186801073457], ['Germany', 'HydroPumpStorage', 6, 'Storage Power', 0.19547836246073277], ['Germany', 'HydroPumpStorage', 7, 'Storage Energy', 4055.8741989292444], ['Germany', 'HydroPumpStorage', 7, 'Storage Power', 0.16067295023344116], ['Germany', 'HydroPumpStorage', 8, 'Storage Energy', 897.9121915342566], ['Germany', 'HydroPumpStorage', 8, 'Storage Power', 0.01144823426766714], ['Germany', 'Hydroregulated', 1, 'Generation', 0.04719343452501745], ['Germany', 'Hydroregulated', 2, 'Generation', 0.0107932424896805], ['Germany', 'Hydroregulated', 3, 'Generation', 0.005115526756030674], ['Germany', 'Hydroregulated', 4, 'Generation', 0.010960537033074064], ['Germany', 'Hydroregulated', 5, 'Generation', 0.027606007918736117], ['Germany', 'Hydroregulated', 6, 'Generation', 0.034039631547335886], ['Germany', 'Hydroregulated', 7, 'Generation', 0.017682213003675663], ['Germany', 'Hydroregulated', 8, 'Generation', 0.07577013391900604], ['Germany', 'Hydrorun-of-the-river', 1, 'Generation', 0.019607705503858472], ['Germany', 'Hydrorun-of-the-river', 2, 'Generation', 0.0], ['Germany', 'Hydrorun-of-the-river', 3, 'Generation', 425.0221107121269], ['Germany', 'Hydrorun-of-the-river', 4, 'Generation', 0.10086863693319079], ['Germany', 'Hydrorun-of-the-river', 5, 'Generation', 0.0], ['Germany', 'Hydrorun-of-the-river', 6, 'Generation', 0.0], ['Germany', 'Hydrorun-of-the-river', 7, 'Generation', 0.006754668220036442], ['Germany', 'Hydrorun-of-the-river', 8, 'Generation', 0.005938120111957228], ['Germany', 'Li-Ion_BESS', 1, 'Storage Energy', 1019.4026324264934], ['Germany', 'Li-Ion_BESS', 1, 'Storage Power', 125.35061937300392], ['Germany', 'Li-Ion_BESS', 2, 'Storage Energy', 0.0], ['Germany', 'Li-Ion_BESS', 2, 'Storage Power', 0.0], ['Germany', 'Li-Ion_BESS', 3, 'Storage Energy', 16623.099697025133], ['Germany', 'Li-Ion_BESS', 3, 'Storage Power', 4435.521896869361], ['Germany', 'Li-Ion_BESS', 4, 'Storage Energy', 32397.55778861727], ['Germany', 'Li-Ion_BESS', 4, 'Storage Power', 107550.79881926012], ['Germany', 'Li-Ion_BESS', 5, 'Storage Energy', 321013.07480187004], ['Germany', 'Li-Ion_BESS', 5, 'Storage Power', 224210.0536993082], ['Germany', 'Li-Ion_BESS', 6, 'Storage Energy', 354349.5464591749], ['Germany', 'Li-Ion_BESS', 6, 'Storage Power', 240059.71194839018], ['Germany', 'Li-Ion_BESS', 7, 'Storage Energy', 392642.2801255749], ['Germany', 'Li-Ion_BESS', 7, 'Storage Power', 142534.8573290311], ['Germany', 'Li-Ion_BESS', 8, 'Storage Energy', 463165.7361214978], ['Germany', 'Li-Ion_BESS', 8, 'Storage Power', 114165.38433112862], ['Germany', 'Liginiteexisting', 1, 'Generation', 0.0], ['Germany', 'Liginiteexisting', 2, 'Generation', 0.0], ['Germany', 'Liginiteexisting', 3, 'Generation', 0.0], ['Germany', 'Liginiteexisting', 4, 'Generation', 0.0], ['Germany', 'Liginiteexisting', 5, 'Generation', 0.0], ['Germany', 'Liginiteexisting', 6, 'Generation', 0.0], ['Germany', 'Liginiteexisting', 7, 'Generation', 0.0], ['Germany', 'Liginiteexisting', 8, 'Generation', 0.0], ['Germany', 'Lignite', 1, 'Generation', 50.80378393093181], ['Germany', 'Lignite', 2, 'Generation', 72967.05206029305], ['Germany', 'Lignite', 3, 'Generation', 64264.4436760966], ['Germany', 'Lignite', 4, 'Generation', 4751.263989603402], ['Germany', 'Lignite', 5, 'Generation', 2950.8879368515745], ['Germany', 'Lignite', 6, 'Generation', 2228.9454363307204], ['Germany', 'Lignite', 7, 'Generation', 1071.3259239080976], ['Germany', 'Lignite', 8, 'Generation', 0.004445011482627471], ['Germany', 'LigniteCCSadv', 1, 'Generation', 0.0], ['Germany', 'LigniteCCSadv', 2, 'Generation', 0.0], ['Germany', 'LigniteCCSadv', 3, 'Generation', 0.0], ['Germany', 'LigniteCCSadv', 4, 'Generation', 0.0], ['Germany', 'LigniteCCSadv', 5, 'Generation', 0.0], ['Germany', 'LigniteCCSadv', 6, 'Generation', 0.0], ['Germany', 'LigniteCCSadv', 7, 'Generation', 0.0], ['Germany', 'LigniteCCSadv', 8, 'Generation', 0.0], ['Germany', 'LigniteCCSsup', 1, 'Generation', 0.0], ['Germany', 'LigniteCCSsup', 2, 'Generation', 0.0], ['Germany', 'LigniteCCSsup', 3, 'Generation', 0.0], ['Germany', 'LigniteCCSsup', 4, 'Generation', 0.0], ['Germany', 'LigniteCCSsup', 5, 'Generation', 0.0], ['Germany', 'LigniteCCSsup', 6, 'Generation', 0.0], ['Germany', 'LigniteCCSsup', 7, 'Generation', 0.0], ['Germany', 'LigniteCCSsup', 8, 'Generation', 0.0], ['Germany', 'Nuclear', 1, 'Generation', 0.0], ['Germany', 'Nuclear', 2, 'Generation', 0.0], ['Germany', 'Nuclear', 3, 'Generation', 0.0], ['Germany', 'Nuclear', 4, 'Generation', 0.0], ['Germany', 'Nuclear', 5, 'Generation', 0.0], ['Germany', 'Nuclear', 6, 'Generation', 0.0], ['Germany', 'Nuclear', 7, 'Generation', 0.0], ['Germany', 'Nuclear', 8, 'Generation', 0.0], ['Germany', 'Oilexisting', 1, 'Generation', 0.0], ['Germany', 'Oilexisting', 2, 'Generation', 0.0], ['Germany', 'Oilexisting', 3, 'Generation', 0.0], ['Germany', 'Oilexisting', 4, 'Generation', 0.0], ['Germany', 'Oilexisting', 5, 'Generation', 0.0], ['Germany', 'Oilexisting', 6, 'Generation', 0.0], ['Germany', 'Oilexisting', 7, 'Generation', 0.0], ['Germany', 'Oilexisting', 8, 'Generation', 0.0], ['Germany', 'Solar', 1, 'Generation', 0.40517503751778006], ['Germany', 'Solar', 2, 'Generation', 0.7061017719353497], ['Germany', 'Solar', 3, 'Generation', 9831.446702368974], ['Germany', 'Solar', 4, 'Generation', 96827.2074051188], ['Germany', 'Solar', 5, 'Generation', 499998.2836832816], ['Germany', 'Solar', 6, 'Generation', 491770.01289629535], ['Germany', 'Solar', 7, 'Generation', 310471.68129245634], ['Germany', 'Solar', 8, 'Generation', 0.0], ['Germany', 'Waste', 1, 'Generation', 273.60050777500277], ['Germany', 'Waste', 2, 'Generation', 0.2080907504329054], ['Germany', 'Waste', 3, 'Generation', 0.8030990256022343], ['Germany', 'Waste', 4, 'Generation', 0.0], ['Germany', 'Waste', 5, 'Generation', 274.03384441373345], ['Germany', 'Waste', 6, 'Generation', 0.0], ['Germany', 'Waste', 7, 'Generation', 0.12682193778880663], ['Germany', 'Waste', 8, 'Generation', 0.0036109909585556113], ['Germany', 'Windoffshore', 1, 'Generation', 0.0], ['Germany', 'Windoffshore', 2, 'Generation', 0.0], ['Germany', 'Windoffshore', 3, 'Generation', 0.0], ['Germany', 'Windoffshore', 4, 'Generation', 0.0], ['Germany', 'Windoffshore', 5, 'Generation', 0.0], ['Germany', 'Windoffshore', 6, 'Generation', 2260.140771672874], ['Germany', 'Windoffshore', 7, 'Generation', 0.0015367390313205248], ['Germany', 'Windoffshore', 8, 'Generation', 0.025625144688488595], ['Germany', 'Windonshore', 1, 'Generation', 0.0], ['Germany', 'Windonshore', 2, 'Generation', 1.3179104362885763], ['Germany', 'Windonshore', 3, 'Generation', 19887.4084338017], ['Germany', 'Windonshore', 4, 'Generation', 1860.022513242911], ['Germany', 'Windonshore', 5, 'Generation', 61264.06858583185], ['Germany', 'Windonshore', 6, 'Generation', 36612.47530041116], ['Germany', 'Windonshore', 7, 'Generation', 27817.880058851555], ['Germany', 'Windonshore', 8, 'Generation', 1697.9798674180201]]","{'Germany': tensor([[[60768.2383, 62469.4414, 60248.3320,  ..., 75946.5938,
          74676.2500, 70662.6953],
         [72020.9141, 73562.7578, 71852.9297,  ..., 73144.8047,
          73290.8594, 73347.8359],
         [53560.7617, 52259.9258, 50416.0156,  ..., 75946.5938,
          74676.2500, 70662.6953],
         ...,
         [71281.5312, 71347.6875, 70833.0312,  ..., 70404.2188,
          69190.4922, 67425.2344],
         [60610.7344, 58717.7109, 56976.5664,  ..., 73292.1719,
          72056.2500, 68327.0859],
         [65127.8438, 62776.9688, 58962.1914,  ..., 73144.8047,
          73290.8594, 73347.8359]]]), 'Denmark': tensor([[[4843.2798, 4806.9102, 4442.7598,  ..., 5313.5200, 4983.8101,
          4751.5098],
         [5200.6899, 5118.3398, 4774.1802,  ..., 4805.8799, 4789.6099,
          4742.5400],
         [3544.7500, 3478.8401, 3433.6001,  ..., 5313.5200, 4983.8101,
          4751.5098],
         ...,
         [5236.7300, 5165.3701, 5218.6401,  ..., 5094.2202, 4858.1099,
          4736.2300],
         [3866.2300, 3948.9500, 3958.7100,  ..., 5489.7598, 5087.6899,
          4751.6299],
         [4438.2700, 4102.6099, 3678.7400,  ..., 4805.8799, 4789.6099,
          4742.5400]]]), 'France': tensor([[[68693., 73191., 74158.,  ..., 84906., 84633., 80010.],
         [69283., 73864., 75908.,  ..., 93696., 93473., 92073.],
         [55670., 56518., 54475.,  ..., 84906., 84633., 80010.],
         ...,
         [79270., 79182., 78243.,  ..., 90502., 90106., 88429.],
         [75057., 72471., 69162.,  ..., 86271., 85804., 81243.],
         [76668., 76668., 76848.,  ..., 93696., 93473., 92073.]]])}","{'Germany': tensor([[[ 52.7400,  25.7725,  27.8375,  ...,   1.2800,  34.5675, 105.6250],
         [ 41.1175,  32.0275,  53.3125,  ...,  33.1425,  32.0025,  31.5175],
         [ 57.7725,  67.8475, 113.7625,  ...,  62.4375,  58.8950,  80.1425],
         ...,
         [102.3650,  83.9725, 177.4325,  ...,  57.1125,  67.2175, 164.1975],
         [ 75.1275,  73.8700,  67.1025,  ...,  29.0375,  35.6100,  35.1550],
         [ 41.6800, 111.7025,  88.9450,  ..., 148.4975,  82.2375, 125.0500]]]), 'France': tensor([[[ 209.,  258.,  365.,  ..., 3240., 3130., 3333.],
         [1098., 2378., 1308.,  ..., 2255., 2154., 2288.],
         [ 499.,  222.,   96.,  ...,  576.,  565.,  605.],
         ...,
         [1797., 1876., 2233.,  ..., 6487., 6401., 6492.],
         [ 117.,  178.,  377.,  ..., 4626., 4269., 3935.],
         [1187., 1024., 1722.,  ..., 3460., 3745., 2856.]]])}","{'Germany': tensor([[[0.5099, 0.5102, 0.5152,  ..., 0.2204, 0.2116, 0.1965],
         [0.6012, 0.6012, 0.6053,  ..., 0.0551, 0.0475, 0.0360],
         [0.4681, 0.4661, 0.4670,  ..., 0.2204, 0.2116, 0.1965],
         ...,
         [0.3883, 0.3843, 0.3830,  ..., 0.2018, 0.1968, 0.1904],
         [0.4696, 0.4711, 0.4732,  ..., 0.0585, 0.0644, 0.0674],
         [0.4437, 0.4417, 0.4419,  ..., 0.0551, 0.0475, 0.0360]]]), 'Denmark': tensor([[[0.3580, 0.3600, 0.3600,  ..., 0.3939, 0.3990, 0.3981],
         [0.2000, 0.2000, 0.2000,  ..., 0.2889, 0.2908, 0.2903],
         [0.3260, 0.3260, 0.3260,  ..., 0.3939, 0.3990, 0.3981],
         ...,
         [0.3260, 0.3280, 0.3280,  ..., 0.1545, 0.1555, 0.1663],
         [0.0000, 0.0000, 0.0000,  ..., 0.2948, 0.3124, 0.3304],
         [0.6500, 0.6480, 0.6280,  ..., 0.2889, 0.2908, 0.2903]]]), 'France': tensor([[[0.6402, 0.7389, 0.7848,  ..., 0.2100, 0.2247, 0.2361],
         [0.7662, 0.8313, 0.8597,  ..., 0.1930, 0.1657, 0.1236],
         [0.2894, 0.2956, 0.2950,  ..., 0.2100, 0.2247, 0.2361],
         ...,
         [0.6224, 0.6276, 0.6106,  ..., 0.7369, 0.7368, 0.7376],
         [0.7367, 0.7176, 0.7050,  ..., 0.1839, 0.1708, 0.1548],
         [0.5419, 0.5312, 0.5311,  ..., 0.1930, 0.1657, 0.1236]]])}"
2343161144261.111,"[['Denmark', 'Bio10cofiring', 1, 'Generation', 10.51988180996554], ['Denmark', 'Bio10cofiring', 2, 'Generation', 0.6396931511668837], ['Denmark', 'Bio10cofiring', 3, 'Generation', 0.617521111788466], ['Denmark', 'Bio10cofiring', 4, 'Generation', 0.0], ['Denmark', 'Bio10cofiring', 5, 'Generation', 1.9928113193284696], ['Denmark', 'Bio10cofiring', 6, 'Generation', 0.11059529701787363], ['Denmark', 'Bio10cofiring', 7, 'Generation', 2.787300710465156], ['Denmark', 'Bio10cofiring', 8, 'Generation', 3.3159127430919404], ['Denmark', 'Bio10cofiringCCS', 1, 'Generation', 0.0], ['Denmark', 'Bio10cofiringCCS', 2, 'Generation', 0.0], ['Denmark', 'Bio10cofiringCCS', 3, 'Generation', 0.0], ['Denmark', 'Bio10cofiringCCS', 4, 'Generation', 0.0], ['Denmark', 'Bio10cofiringCCS', 5, 'Generation', 0.0], ['Denmark', 'Bio10cofiringCCS', 6, 'Generation', 0.0], ['Denmark', 'Bio10cofiringCCS', 7, 'Generation', 0.0], ['Denmark', 'Bio10cofiringCCS', 8, 'Generation', 0.0], ['Denmark', 'Bioexisting', 1, 'Generation', 0.0], ['Denmark', 'Bioexisting', 2, 'Generation', 0.0], ['Denmark', 'Bioexisting', 3, 'Generation', 0.0], ['Denmark', 'Bioexisting', 4, 'Generation', 0.0], ['Denmark', 'Bioexisting', 5, 'Generation', 0.0], ['Denmark', 'Bioexisting', 6, 'Generation', 0.0], ['Denmark', 'Bioexisting', 7, 'Generation', 0.0], ['Denmark', 'Bioexisting', 8, 'Generation', 0.0], ['Denmark', 'Coal', 1, 'Generation', 11.659425653935727], ['Denmark', 'Coal', 2, 'Generation', 1.5995145619188738], ['Denmark', 'Coal', 3, 'Generation', 0.5196933535212631], ['Denmark', 'Coal', 4, 'Generation', 0.08160487707225228], ['Denmark', 'Coal', 5, 'Generation', 0.5378373643672404], ['Denmark', 'Coal', 6, 'Generation', 0.20371609961856563], ['Denmark', 'Coal', 7, 'Generation', 0.0], ['Denmark', 'Coal', 8, 'Generation', 2.8389454030730636], ['Denmark', 'CoalCCSadv', 1, 'Generation', 0.0], ['Denmark', 'CoalCCSadv', 2, 'Generation', 0.0], ['Denmark', 'CoalCCSadv', 3, 'Generation', 0.0], ['Denmark', 'CoalCCSadv', 4, 'Generation', 0.0], ['Denmark', 'CoalCCSadv', 5, 'Generation', 0.0], ['Denmark', 'CoalCCSadv', 6, 'Generation', 0.0], ['Denmark', 'CoalCCSadv', 7, 'Generation', 0.0], ['Denmark', 'CoalCCSadv', 8, 'Generation', 0.0], ['Denmark', 'Coalexisting', 1, 'Generation', 0.0], ['Denmark', 'Coalexisting', 2, 'Generation', 0.0], ['Denmark', 'Coalexisting', 3, 'Generation', 0.0], ['Denmark', 'Coalexisting', 4, 'Generation', 0.0], ['Denmark', 'Coalexisting', 5, 'Generation', 0.0], ['Denmark', 'Coalexisting', 6, 'Generation', 0.0], ['Denmark', 'Coalexisting', 7, 'Generation', 0.0], ['Denmark', 'Coalexisting', 8, 'Generation', 0.0], ['Denmark', 'GasCCGT', 1, 'Generation', 13712.250655194068], ['Denmark', 'GasCCGT', 2, 'Generation', 6144.4969860126075], ['Denmark', 'GasCCGT', 3, 'Generation', 7425.932310968174], ['Denmark', 'GasCCGT', 4, 'Generation', 15971.349890588866], ['Denmark', 'GasCCGT', 5, 'Generation', 7746.072616023035], ['Denmark', 'GasCCGT', 6, 'Generation', 0.0], ['Denmark', 'GasCCGT', 7, 'Generation', 15499.138888239519], ['Denmark', 'GasCCGT', 8, 'Generation', 5153.381851658766], ['Denmark', 'GasCCSadv', 1, 'Generation', 0.0], ['Denmark', 'GasCCSadv', 2, 'Generation', 0.0], ['Denmark', 'GasCCSadv', 3, 'Generation', 0.0], ['Denmark', 'GasCCSadv', 4, 'Generation', 0.0], ['Denmark', 'GasCCSadv', 5, 'Generation', 0.0], ['Denmark', 'GasCCSadv', 6, 'Generation', 0.0], ['Denmark', 'GasCCSadv', 7, 'Generation', 0.0], ['Denmark', 'GasCCSadv', 8, 'Generation', 0.0], ['Denmark', 'GasOCGT', 1, 'Generation', 8435.599768326483], ['Denmark', 'GasOCGT', 2, 'Generation', 5355.167674254423], ['Denmark', 'GasOCGT', 3, 'Generation', 0.0], ['Denmark', 'GasOCGT', 4, 'Generation', 186.77430179127632], ['Denmark', 'GasOCGT', 5, 'Generation', 0.0], ['Denmark', 'GasOCGT', 6, 'Generation', 171.77752938810258], ['Denmark', 'GasOCGT', 7, 'Generation', 3330.30005579467], ['Denmark', 'GasOCGT', 8, 'Generation', 10783.771848409217], ['Denmark', 'Gasexisting', 1, 'Generation', 0.0], ['Denmark', 'Gasexisting', 2, 'Generation', 0.0], ['Denmark', 'Gasexisting', 3, 'Generation', 0.0], ['Denmark', 'Gasexisting', 4, 'Generation', 0.0], ['Denmark', 'Gasexisting', 5, 'Generation', 0.0], ['Denmark', 'Gasexisting', 6, 'Generation', 0.0], ['Denmark', 'Gasexisting', 7, 'Generation', 0.0], ['Denmark', 'Gasexisting', 8, 'Generation', 0.0], ['Denmark', 'Germany', 1, 'Transmission', 0.0], ['Denmark', 'Germany', 2, 'Transmission', 1998.2704283635276], ['Denmark', 'Germany', 3, 'Transmission', 0.5317168661121413], ['Denmark', 'Germany', 4, 'Transmission', 0.005264323493636994], ['Denmark', 'Germany', 5, 'Transmission', 0.12413551531037666], ['Denmark', 'Germany', 6, 'Transmission', 0.07849953352053744], ['Denmark', 'Germany', 7, 'Transmission', 0.11188360218477686], ['Denmark', 'Germany', 8, 'Transmission', 0.07264603563652769], ['Denmark', 'Hydrorun-of-the-river', 1, 'Generation', 0.0685913346254667], ['Denmark', 'Hydrorun-of-the-river', 2, 'Generation', 0.006387488120636879], ['Denmark', 'Hydrorun-of-the-river', 3, 'Generation', 0.04975354755389719], ['Denmark', 'Hydrorun-of-the-river', 4, 'Generation', 0.0], ['Denmark', 'Hydrorun-of-the-river', 5, 'Generation', 0.29955293793193116], ['Denmark', 'Hydrorun-of-the-river', 6, 'Generation', 1.09010849181401], ['Denmark', 'Hydrorun-of-the-river', 7, 'Generation', 0.051991878545672915], ['Denmark', 'Hydrorun-of-the-river', 8, 'Generation', 0.17305383609462321], ['Denmark', 'Li-Ion_BESS', 1, 'Storage Energy', 0.0], ['Denmark', 'Li-Ion_BESS', 1, 'Storage Power', 131.76358267531634], ['Denmark', 'Li-Ion_BESS', 2, 'Storage Energy', 763.158555646208], ['Denmark', 'Li-Ion_BESS', 2, 'Storage Power', 740.8840116608644], ['Denmark', 'Li-Ion_BESS', 3, 'Storage Energy', 613.2037128731496], ['Denmark', 'Li-Ion_BESS', 3, 'Storage Power', 94.85965947236718], ['Denmark', 'Li-Ion_BESS', 4, 'Storage Energy', 352.2912793547109], ['Denmark', 'Li-Ion_BESS', 4, 'Storage Power', 0.0], ['Denmark', 'Li-Ion_BESS', 5, 'Storage Energy', 794.7286701724897], ['Denmark', 'Li-Ion_BESS', 5, 'Storage Power', 0.0], ['Denmark', 'Li-Ion_BESS', 6, 'Storage Energy', 1315.939988863948], ['Denmark', 'Li-Ion_BESS', 6, 'Storage Power', 0.0], ['Denmark', 'Li-Ion_BESS', 7, 'Storage Energy', 11677.42017383061], ['Denmark', 'Li-Ion_BESS', 7, 'Storage Power', 8290.086071428437], ['Denmark', 'Li-Ion_BESS', 8, 'Storage Energy', 0.0], ['Denmark', 'Li-Ion_BESS', 8, 'Storage Power', 2538.2520869131677], ['Denmark', 'Oilexisting', 1, 'Generation', 0.0], ['Denmark', 'Oilexisting', 2, 'Generation', 0.0], ['Denmark', 'Oilexisting', 3, 'Generation', 0.0], ['Denmark', 'Oilexisting', 4, 'Generation', 0.0], ['Denmark', 'Oilexisting', 5, 'Generation', 0.0], ['Denmark', 'Oilexisting', 6, 'Generation', 0.0], ['Denmark', 'Oilexisting', 7, 'Generation', 0.0], ['Denmark', 'Oilexisting', 8, 'Generation', 0.0], ['Denmark', 'Solar', 1, 'Generation', 0.1814468869562962], ['Denmark', 'Solar', 2, 'Generation', 0.0], ['Denmark', 'Solar', 3, 'Generation', 0.0], ['Denmark', 'Solar', 4, 'Generation', 0.09281829807447142], ['Denmark', 'Solar', 5, 'Generation', 1.731709622056926], ['Denmark', 'Solar', 6, 'Generation', 0.0], ['Denmark', 'Solar', 7, 'Generation', 90627.55726614728], ['Denmark', 'Solar', 8, 'Generation', 5941.351571481557], ['Denmark', 'Waste', 1, 'Generation', 0.0], ['Denmark', 'Waste', 2, 'Generation', 0.0], ['Denmark', 'Waste', 3, 'Generation', 0.0], ['Denmark', 'Waste', 4, 'Generation', 0.0], ['Denmark', 'Waste', 5, 'Generation', 0.0], ['Denmark', 'Waste', 6, 'Generation', 0.0], ['Denmark', 'Waste', 7, 'Generation', 0.0], ['Denmark', 'Waste', 8, 'Generation', 0.0], ['Denmark', 'Windoffshore', 1, 'Generation', 0.18986294424548775], ['Denmark', 'Windoffshore', 2, 'Generation', 0.0], ['Denmark', 'Windoffshore', 3, 'Generation', 0.0], ['Denmark', 'Windoffshore', 4, 'Generation', 0.4442259773650738], ['Denmark', 'Windoffshore', 5, 'Generation', 0.0], ['Denmark', 'Windoffshore', 6, 'Generation', 6419.774194576573], ['Denmark', 'Windoffshore', 7, 'Generation', 6044.6807073836235], ['Denmark', 'Windoffshore', 8, 'Generation', 0.0], ['Denmark', 'Windonshore', 1, 'Generation', 0.0], ['Denmark', 'Windonshore', 2, 'Generation', 0.1487351467613557], ['Denmark', 'Windonshore', 3, 'Generation', 1.713232237176078], ['Denmark', 'Windonshore', 4, 'Generation', 0.8234995540681762], ['Denmark', 'Windonshore', 5, 'Generation', 53038.201815594206], ['Denmark', 'Windonshore', 6, 'Generation', 18928.968158420343], ['Denmark', 'Windonshore', 7, 'Generation', 1614.9606796378343], ['Denmark', 'Windonshore', 8, 'Generation', 566.655217900313], ['France', 'Bio', 1, 'Generation', 4.276423495313179], ['France', 'Bio', 2, 'Generation', 0.4507143795131008], ['France', 'Bio', 3, 'Generation', 30552.82654324201], ['France', 'Bio', 4, 'Generation', 119695.49117640484], ['France', 'Bio', 5, 'Generation', 39770.098956460904], ['France', 'Bio', 6, 'Generation', 62812.03595264811], ['France', 'Bio', 7, 'Generation', 8917.401759029275], ['France', 'Bio', 8, 'Generation', 0.0], ['France', 'Bio10cofiring', 1, 'Generation', 77376.89003683336], ['France', 'Bio10cofiring', 2, 'Generation', 112692.78088692886], ['France', 'Bio10cofiring', 3, 'Generation', 0.0], ['France', 'Bio10cofiring', 4, 'Generation', 0.03370142580370822], ['France', 'Bio10cofiring', 5, 'Generation', 0.0], ['France', 'Bio10cofiring', 6, 'Generation', 0.5032678145942339], ['France', 'Bio10cofiring', 7, 'Generation', 0.031825037704574205], ['France', 'Bio10cofiring', 8, 'Generation', 0.1850086982921995], ['France', 'Bio10cofiringCCS', 1, 'Generation', 0.0], ['France', 'Bio10cofiringCCS', 2, 'Generation', 0.0], ['France', 'Bio10cofiringCCS', 3, 'Generation', 0.0], ['France', 'Bio10cofiringCCS', 4, 'Generation', 0.0], ['France', 'Bio10cofiringCCS', 5, 'Generation', 0.0], ['France', 'Bio10cofiringCCS', 6, 'Generation', 0.0], ['France', 'Bio10cofiringCCS', 7, 'Generation', 0.0], ['France', 'Bio10cofiringCCS', 8, 'Generation', 0.0], ['France', 'Bioexisting', 1, 'Generation', 0.0], ['France', 'Bioexisting', 2, 'Generation', 0.0], ['France', 'Bioexisting', 3, 'Generation', 0.0], ['France', 'Bioexisting', 4, 'Generation', 0.0], ['France', 'Bioexisting', 5, 'Generation', 0.0], ['France', 'Bioexisting', 6, 'Generation', 0.0], ['France', 'Bioexisting', 7, 'Generation', 0.0], ['France', 'Bioexisting', 8, 'Generation', 0.0], ['France', 'Coal', 1, 'Generation', 35.46880664958185], ['France', 'Coal', 2, 'Generation', 36.096766863815006], ['France', 'Coal', 3, 'Generation', 0.7066468130248493], ['France', 'Coal', 4, 'Generation', 0.7195257234814136], ['France', 'Coal', 5, 'Generation', 0.0], ['France', 'Coal', 6, 'Generation', 0.19023081283189885], ['France', 'Coal', 7, 'Generation', 0.31876937361835866], ['France', 'Coal', 8, 'Generation', 0.10928027204708887], ['France', 'CoalCCS', 1, 'Generation', 0.0], ['France', 'CoalCCS', 2, 'Generation', 0.0], ['France', 'CoalCCS', 3, 'Generation', 0.0], ['France', 'CoalCCS', 4, 'Generation', 0.0], ['France', 'CoalCCS', 5, 'Generation', 0.0], ['France', 'CoalCCS', 6, 'Generation', 0.0], ['France', 'CoalCCS', 7, 'Generation', 0.0], ['France', 'CoalCCS', 8, 'Generation', 0.0], ['France', 'CoalCCSadv', 1, 'Generation', 0.0], ['France', 'CoalCCSadv', 2, 'Generation', 0.0], ['France', 'CoalCCSadv', 3, 'Generation', 0.0], ['France', 'CoalCCSadv', 4, 'Generation', 0.0], ['France', 'CoalCCSadv', 5, 'Generation', 0.0], ['France', 'CoalCCSadv', 6, 'Generation', 0.0], ['France', 'CoalCCSadv', 7, 'Generation', 0.0], ['France', 'CoalCCSadv', 8, 'Generation', 0.0], ['France', 'Coalexisting', 1, 'Generation', 0.0], ['France', 'Coalexisting', 2, 'Generation', 0.0], ['France', 'Coalexisting', 3, 'Generation', 0.0], ['France', 'Coalexisting', 4, 'Generation', 0.0], ['France', 'Coalexisting', 5, 'Generation', 0.0], ['France', 'Coalexisting', 6, 'Generation', 0.0], ['France', 'Coalexisting', 7, 'Generation', 0.0], ['France', 'Coalexisting', 8, 'Generation', 0.0], ['France', 'GasCCGT', 1, 'Generation', 116183.26973069724], ['France', 'GasCCGT', 2, 'Generation', 3082.7392224301407], ['France', 'GasCCGT', 3, 'Generation', 2954.1781712208717], ['France', 'GasCCGT', 4, 'Generation', 3720.0439558030284], ['France', 'GasCCGT', 5, 'Generation', 191.95906541893433], ['France', 'GasCCGT', 6, 'Generation', 716.3717390150382], ['France', 'GasCCGT', 7, 'Generation', 155015.71104951948], ['France', 'GasCCGT', 8, 'Generation', 45077.3738465111], ['France', 'GasCCS', 1, 'Generation', 0.0], ['France', 'GasCCS', 2, 'Generation', 0.0], ['France', 'GasCCS', 3, 'Generation', 0.0], ['France', 'GasCCS', 4, 'Generation', 0.0], ['France', 'GasCCS', 5, 'Generation', 0.0], ['France', 'GasCCS', 6, 'Generation', 0.0], ['France', 'GasCCS', 7, 'Generation', 0.0], ['France', 'GasCCS', 8, 'Generation', 0.0], ['France', 'GasCCSadv', 1, 'Generation', 0.0], ['France', 'GasCCSadv', 2, 'Generation', 0.0], ['France', 'GasCCSadv', 3, 'Generation', 0.0], ['France', 'GasCCSadv', 4, 'Generation', 0.0], ['France', 'GasCCSadv', 5, 'Generation', 0.0], ['France', 'GasCCSadv', 6, 'Generation', 0.0], ['France', 'GasCCSadv', 7, 'Generation', 0.0], ['France', 'GasCCSadv', 8, 'Generation', 0.0], ['France', 'GasOCGT', 1, 'Generation', 81003.81525550416], ['France', 'GasOCGT', 2, 'Generation', 0.0], ['France', 'GasOCGT', 3, 'Generation', 0.049548796585935896], ['France', 'GasOCGT', 4, 'Generation', 0.06570806879126612], ['France', 'GasOCGT', 5, 'Generation', 0.032830298905015376], ['France', 'GasOCGT', 6, 'Generation', 0.04467893812403412], ['France', 'GasOCGT', 7, 'Generation', 38.19777981994622], ['France', 'GasOCGT', 8, 'Generation', 46.0809342737371], ['France', 'Gasexisting', 1, 'Generation', 0.0], ['France', 'Gasexisting', 2, 'Generation', 0.0], ['France', 'Gasexisting', 3, 'Generation', 0.0], ['France', 'Gasexisting', 4, 'Generation', 0.0], ['France', 'Gasexisting', 5, 'Generation', 0.0], ['France', 'Gasexisting', 6, 'Generation', 0.0], ['France', 'Gasexisting', 7, 'Generation', 0.0], ['France', 'Gasexisting', 8, 'Generation', 0.0], ['France', 'Geo', 1, 'Generation', 1.072534130436862], ['France', 'Geo', 2, 'Generation', 0.10427508895390225], ['France', 'Geo', 3, 'Generation', 0.9838323328992647], ['France', 'Geo', 4, 'Generation', 0.0], ['France', 'Geo', 5, 'Generation', 76.35712707587402], ['France', 'Geo', 6, 'Generation', 8.26204791015255], ['France', 'Geo', 7, 'Generation', 0.0], ['France', 'Geo', 8, 'Generation', 0.18299363039670868], ['France', 'Germany', 1, 'Transmission', 0.0], ['France', 'Germany', 2, 'Transmission', 0.0], ['France', 'Germany', 3, 'Transmission', 1799.8153206867273], ['France', 'Germany', 4, 'Transmission', 0.0], ['France', 'Germany', 5, 'Transmission', 0.10076095404492898], ['France', 'Germany', 6, 'Transmission', 0.0], ['France', 'Germany', 7, 'Transmission', 0.2048169897490303], ['France', 'Germany', 8, 'Transmission', 0.0052259170406004805], ['France', 'HydroPumpStorage', 1, 'Storage Energy', 0.06638683496295435], ['France', 'HydroPumpStorage', 1, 'Storage Power', 1.7070604155665163], ['France', 'HydroPumpStorage', 2, 'Storage Energy', 0.013288841686288577], ['France', 'HydroPumpStorage', 2, 'Storage Power', 475.80020692341094], ['France', 'HydroPumpStorage', 3, 'Storage Energy', 0.13314825481176193], ['France', 'HydroPumpStorage', 3, 'Storage Power', 1246.609445946699], ['France', 'HydroPumpStorage', 4, 'Storage Energy', 0.10051484912896805], ['France', 'HydroPumpStorage', 4, 'Storage Power', 1111.6202648821225], ['France', 'HydroPumpStorage', 5, 'Storage Energy', 0.5734455605616615], ['France', 'HydroPumpStorage', 5, 'Storage Power', 0.0], ['France', 'HydroPumpStorage', 6, 'Storage Energy', 0.0], ['France', 'HydroPumpStorage', 6, 'Storage Power', 30.220658000138997], ['France', 'HydroPumpStorage', 7, 'Storage Energy', 0.8132230818545164], ['France', 'HydroPumpStorage', 7, 'Storage Power', 856.3143743997177], ['France', 'HydroPumpStorage', 8, 'Storage Energy', 0.0], ['France', 'HydroPumpStorage', 8, 'Storage Power', 108.47731305820415], ['France', 'Hydroregulated', 1, 'Generation', 0.08571281428036147], ['France', 'Hydroregulated', 2, 'Generation', 0.03238284677204495], ['France', 'Hydroregulated', 3, 'Generation', 0.014538982666397634], ['France', 'Hydroregulated', 4, 'Generation', 0.08805345404204237], ['France', 'Hydroregulated', 5, 'Generation', 0.16004538317797626], ['France', 'Hydroregulated', 6, 'Generation', 0.04804664176060444], ['France', 'Hydroregulated', 7, 'Generation', 0.13919512357453503], ['France', 'Hydroregulated', 8, 'Generation', 0.1755101397157398], ['France', 'Hydrorun-of-the-river', 1, 'Generation', 4271.8392401650635], ['France', 'Hydrorun-of-the-river', 2, 'Generation', 0.0], ['France', 'Hydrorun-of-the-river', 3, 'Generation', 774.0746381509214], ['France', 'Hydrorun-of-the-river', 4, 'Generation', 0.009718447512818036], ['France', 'Hydrorun-of-the-river', 5, 'Generation', 0.014224773591367028], ['France', 'Hydrorun-of-the-river', 6, 'Generation', 0.0], ['France', 'Hydrorun-of-the-river', 7, 'Generation', 0.03286752209058356], ['France', 'Hydrorun-of-the-river', 8, 'Generation', 0.004423886696487923], ['France', 'Li-Ion_BESS', 1, 'Storage Energy', 773.4869874529677], ['France', 'Li-Ion_BESS', 1, 'Storage Power', 124.52408141554429], ['France', 'Li-Ion_BESS', 2, 'Storage Energy', 0.0], ['France', 'Li-Ion_BESS', 2, 'Storage Power', 9813.990646118806], ['France', 'Li-Ion_BESS', 3, 'Storage Energy', 0.0], ['France', 'Li-Ion_BESS', 3, 'Storage Power', 592.6071550876131], ['France', 'Li-Ion_BESS', 4, 'Storage Energy', 16913.579177620406], ['France', 'Li-Ion_BESS', 4, 'Storage Power', 3113.242493056415], ['France', 'Li-Ion_BESS', 5, 'Storage Energy', 0.0], ['France', 'Li-Ion_BESS', 5, 'Storage Power', 17290.06780029792], ['France', 'Li-Ion_BESS', 6, 'Storage Energy', 0.0], ['France', 'Li-Ion_BESS', 6, 'Storage Power', 3777.2993510025844], ['France', 'Li-Ion_BESS', 7, 'Storage Energy', 54164.75406844731], ['France', 'Li-Ion_BESS', 7, 'Storage Power', 12103.557401186648], ['France', 'Li-Ion_BESS', 8, 'Storage Energy', 75533.84374890156], ['France', 'Li-Ion_BESS', 8, 'Storage Power', 14331.530418093014], ['France', 'Nuclear', 1, 'Generation', 0.0], ['France', 'Nuclear', 2, 'Generation', 0.246618029686465], ['France', 'Nuclear', 3, 'Generation', 0.20596362189577994], ['France', 'Nuclear', 4, 'Generation', 0.4208558804532333], ['France', 'Nuclear', 5, 'Generation', 0.0], ['France', 'Nuclear', 6, 'Generation', 0.0], ['France', 'Nuclear', 7, 'Generation', 14.921397028480845], ['France', 'Nuclear', 8, 'Generation', 6.4435455132976855], ['France', 'Oilexisting', 1, 'Generation', 0.0], ['France', 'Oilexisting', 2, 'Generation', 0.0], ['France', 'Oilexisting', 3, 'Generation', 0.0], ['France', 'Oilexisting', 4, 'Generation', 0.0], ['France', 'Oilexisting', 5, 'Generation', 0.0], ['France', 'Oilexisting', 6, 'Generation', 0.0], ['France', 'Oilexisting', 7, 'Generation', 0.0], ['France', 'Oilexisting', 8, 'Generation', 0.0], ['France', 'Solar', 1, 'Generation', 0.2506336885000543], ['France', 'Solar', 2, 'Generation', 0.0], ['France', 'Solar', 3, 'Generation', 255.63347932331072], ['France', 'Solar', 4, 'Generation', 5141.168090442959], ['France', 'Solar', 5, 'Generation', 242184.13564570365], ['France', 'Solar', 6, 'Generation', 139902.2658846437], ['France', 'Solar', 7, 'Generation', 0.0], ['France', 'Solar', 8, 'Generation', 149675.7087351878], ['France', 'Waste', 1, 'Generation', 19.821448198177272], ['France', 'Waste', 2, 'Generation', 73.81202443963942], ['France', 'Waste', 3, 'Generation', 0.012783175711243752], ['France', 'Waste', 4, 'Generation', 0.007282374744002074], ['France', 'Waste', 5, 'Generation', 0.01116682900709809], ['France', 'Waste', 6, 'Generation', 0.0], ['France', 'Waste', 7, 'Generation', 0.006879233199608326], ['France', 'Waste', 8, 'Generation', 0.0], ['France', 'Wave', 1, 'Generation', 0.0], ['France', 'Wave', 2, 'Generation', 0.0009797777884778588], ['France', 'Wave', 3, 'Generation', 0.0], ['France', 'Wave', 4, 'Generation', 0.0050973456433455215], ['France', 'Wave', 5, 'Generation', 95.71151857830782], ['France', 'Wave', 6, 'Generation', 95.95436721501397], ['France', 'Wave', 7, 'Generation', 111.18094221316184], ['France', 'Wave', 8, 'Generation', 0.0960984235291856], ['France', 'Windoffshore', 1, 'Generation', 1.874548320340848], ['France', 'Windoffshore', 2, 'Generation', 0.016444244768176124], ['France', 'Windoffshore', 3, 'Generation', 0.0], ['France', 'Windoffshore', 4, 'Generation', 18571.36671794534], ['France', 'Windoffshore', 5, 'Generation', 0.5854177078419731], ['France', 'Windoffshore', 6, 'Generation', 0.0], ['France', 'Windoffshore', 7, 'Generation', 6497.554858326006], ['France', 'Windoffshore', 8, 'Generation', 0.0], ['France', 'Windonshore', 1, 'Generation', 1.3352971230378436], ['France', 'Windonshore', 2, 'Generation', 0.39860112689011784], ['France', 'Windonshore', 3, 'Generation', 76351.95592806145], ['France', 'Windonshore', 4, 'Generation', 21788.340194736276], ['France', 'Windonshore', 5, 'Generation', 212600.3305972725], ['France', 'Windonshore', 6, 'Generation', 312293.6387394437], ['France', 'Windonshore', 7, 'Generation', 174001.28795932335], ['France', 'Windonshore', 8, 'Generation', 146272.5661933155], ['Germany', 'Bio', 1, 'Generation', 2.6962948904678448], ['Germany', 'Bio', 2, 'Generation', 0.02185449982307236], ['Germany', 'Bio', 3, 'Generation', 58231.531183727624], ['Germany', 'Bio', 4, 'Generation', 81938.0660306929], ['Germany', 'Bio', 5, 'Generation', 7938.03365179297], ['Germany', 'Bio', 6, 'Generation', 3086.5456877426304], ['Germany', 'Bio', 7, 'Generation', 1460.183212178242], ['Germany', 'Bio', 8, 'Generation', 0.038105857855793845], ['Germany', 'Bio10cofiring', 1, 'Generation', 98314.01098349212], ['Germany', 'Bio10cofiring', 2, 'Generation', 150386.8263004733], ['Germany', 'Bio10cofiring', 3, 'Generation', 14.093281828787553], ['Germany', 'Bio10cofiring', 4, 'Generation', 0.5536650925919325], ['Germany', 'Bio10cofiring', 5, 'Generation', 0.005365515334557036], ['Germany', 'Bio10cofiring', 6, 'Generation', 0.048687359823977344], ['Germany', 'Bio10cofiring', 7, 'Generation', 0.07132732286605116], ['Germany', 'Bio10cofiring', 8, 'Generation', 0.018501771624887916], ['Germany', 'Bio10cofiringCCS', 1, 'Generation', 0.0], ['Germany', 'Bio10cofiringCCS', 2, 'Generation', 0.0], ['Germany', 'Bio10cofiringCCS', 3, 'Generation', 0.0], ['Germany', 'Bio10cofiringCCS', 4, 'Generation', 0.0], ['Germany', 'Bio10cofiringCCS', 5, 'Generation', 0.0], ['Germany', 'Bio10cofiringCCS', 6, 'Generation', 0.0], ['Germany', 'Bio10cofiringCCS', 7, 'Generation', 0.0], ['Germany', 'Bio10cofiringCCS', 8, 'Generation', 0.0], ['Germany', 'Bioexisting', 1, 'Generation', 0.0], ['Germany', 'Bioexisting', 2, 'Generation', 0.0], ['Germany', 'Bioexisting', 3, 'Generation', 0.0], ['Germany', 'Bioexisting', 4, 'Generation', 0.0], ['Germany', 'Bioexisting', 5, 'Generation', 0.0], ['Germany', 'Bioexisting', 6, 'Generation', 0.0], ['Germany', 'Bioexisting', 7, 'Generation', 0.0], ['Germany', 'Bioexisting', 8, 'Generation', 0.0], ['Germany', 'Coal', 1, 'Generation', 30.626416424125413], ['Germany', 'Coal', 2, 'Generation', 3901.2452399284075], ['Germany', 'Coal', 3, 'Generation', 0.0], ['Germany', 'Coal', 4, 'Generation', 49.77821544495373], ['Germany', 'Coal', 5, 'Generation', 2764.7447611915422], ['Germany', 'Coal', 6, 'Generation', 1074.784778396956], ['Germany', 'Coal', 7, 'Generation', 2737.706489920731], ['Germany', 'Coal', 8, 'Generation', 0.0], ['Germany', 'CoalCCS', 1, 'Generation', 0.0], ['Germany', 'CoalCCS', 2, 'Generation', 0.0], ['Germany', 'CoalCCS', 3, 'Generation', 0.0], ['Germany', 'CoalCCS', 4, 'Generation', 0.0], ['Germany', 'CoalCCS', 5, 'Generation', 0.0], ['Germany', 'CoalCCS', 6, 'Generation', 0.0], ['Germany', 'CoalCCS', 7, 'Generation', 0.0], ['Germany', 'CoalCCS', 8, 'Generation', 0.0], ['Germany', 'CoalCCSadv', 1, 'Generation', 0.0], ['Germany', 'CoalCCSadv', 2, 'Generation', 0.0], ['Germany', 'CoalCCSadv', 3, 'Generation', 0.0], ['Germany', 'CoalCCSadv', 4, 'Generation', 0.0], ['Germany', 'CoalCCSadv', 5, 'Generation', 0.0], ['Germany', 'CoalCCSadv', 6, 'Generation', 0.0], ['Germany', 'CoalCCSadv', 7, 'Generation', 0.0], ['Germany', 'CoalCCSadv', 8, 'Generation', 0.0], ['Germany', 'Coalexisting', 1, 'Generation', 0.0], ['Germany', 'Coalexisting', 2, 'Generation', 0.0], ['Germany', 'Coalexisting', 3, 'Generation', 0.0], ['Germany', 'Coalexisting', 4, 'Generation', 0.0], ['Germany', 'Coalexisting', 5, 'Generation', 0.0], ['Germany', 'Coalexisting', 6, 'Generation', 0.0], ['Germany', 'Coalexisting', 7, 'Generation', 0.0], ['Germany', 'Coalexisting', 8, 'Generation', 0.0], ['Germany', 'GasCCGT', 1, 'Generation', 169388.43700627767], ['Germany', 'GasCCGT', 2, 'Generation', 9695.1537904774], ['Germany', 'GasCCGT', 3, 'Generation', 7932.756507850095], ['Germany', 'GasCCGT', 4, 'Generation', 9988.858337482969], ['Germany', 'GasCCGT', 5, 'Generation', 493.7118220711252], ['Germany', 'GasCCGT', 6, 'Generation', 2444.0580142763206], ['Germany', 'GasCCGT', 7, 'Generation', 169436.77438773043], ['Germany', 'GasCCGT', 8, 'Generation', 9692.032341925602], ['Germany', 'GasCCS', 1, 'Generation', 0.0], ['Germany', 'GasCCS', 2, 'Generation', 0.0], ['Germany', 'GasCCS', 3, 'Generation', 0.0], ['Germany', 'GasCCS', 4, 'Generation', 0.0], ['Germany', 'GasCCS', 5, 'Generation', 0.0], ['Germany', 'GasCCS', 6, 'Generation', 0.0], ['Germany', 'GasCCS', 7, 'Generation', 0.0], ['Germany', 'GasCCS', 8, 'Generation', 0.0], ['Germany', 'GasCCSadv', 1, 'Generation', 0.0], ['Germany', 'GasCCSadv', 2, 'Generation', 0.0], ['Germany', 'GasCCSadv', 3, 'Generation', 0.0], ['Germany', 'GasCCSadv', 4, 'Generation', 0.0], ['Germany', 'GasCCSadv', 5, 'Generation', 0.0], ['Germany', 'GasCCSadv', 6, 'Generation', 0.0], ['Germany', 'GasCCSadv', 7, 'Generation', 0.0], ['Germany', 'GasCCSadv', 8, 'Generation', 0.0], ['Germany', 'GasOCGT', 1, 'Generation', 37.66320634438074], ['Germany', 'GasOCGT', 2, 'Generation', 0.0896527269389244], ['Germany', 'GasOCGT', 3, 'Generation', 0.0], ['Germany', 'GasOCGT', 4, 'Generation', 0.02978517443281972], ['Germany', 'GasOCGT', 5, 'Generation', 0.01197056103368936], ['Germany', 'GasOCGT', 6, 'Generation', 0.0024558086062078724], ['Germany', 'GasOCGT', 7, 'Generation', 10.092747168584088], ['Germany', 'GasOCGT', 8, 'Generation', 2.7931129860562396], ['Germany', 'Gasexisting', 1, 'Generation', 0.0], ['Germany', 'Gasexisting', 2, 'Generation', 0.0], ['Germany', 'Gasexisting', 3, 'Generation', 0.0], ['Germany', 'Gasexisting', 4, 'Generation', 0.0], ['Germany', 'Gasexisting', 5, 'Generation', 0.0], ['Germany', 'Gasexisting', 6, 'Generation', 0.0], ['Germany', 'Gasexisting', 7, 'Generation', 0.0], ['Germany', 'Gasexisting', 8, 'Generation', 0.0], ['Germany', 'Geo', 1, 'Generation', 0.03240304943158631], ['Germany', 'Geo', 2, 'Generation', 0.0], ['Germany', 'Geo', 3, 'Generation', 0.0], ['Germany', 'Geo', 4, 'Generation', 0.0], ['Germany', 'Geo', 5, 'Generation', 262.15336006482255], ['Germany', 'Geo', 6, 'Generation', 0.06694261435553706], ['Germany', 'Geo', 7, 'Generation', 0.07987930030330825], ['Germany', 'Geo', 8, 'Generation', 0.0], ['Germany', 'HydroPumpStorage', 1, 'Storage Energy', 113.2437171787156], ['Germany', 'HydroPumpStorage', 1, 'Storage Power', 0.18737971872014125], ['Germany', 'HydroPumpStorage', 2, 'Storage Energy', 996.6586177981771], ['Germany', 'HydroPumpStorage', 2, 'Storage Power', 0.04836421846510196], ['Germany', 'HydroPumpStorage', 3, 'Storage Energy', 1322.7589229044172], ['Germany', 'HydroPumpStorage', 3, 'Storage Power', 0.0], ['Germany', 'HydroPumpStorage', 4, 'Storage Energy', 779.1069695829519], ['Germany', 'HydroPumpStorage', 4, 'Storage Power', 0.06191646173701431], ['Germany', 'HydroPumpStorage', 5, 'Storage Energy', 1566.3169122533639], ['Germany', 'HydroPumpStorage', 5, 'Storage Power', 0.0], ['Germany', 'HydroPumpStorage', 6, 'Storage Energy', 2.199066241045761], ['Germany', 'HydroPumpStorage', 6, 'Storage Power', 0.2123037144972943], ['Germany', 'HydroPumpStorage', 7, 'Storage Energy', 648.3125154058923], ['Germany', 'HydroPumpStorage', 7, 'Storage Power', 0.16515486490005482], ['Germany', 'HydroPumpStorage', 8, 'Storage Energy', 3687.7758205757364], ['Germany', 'HydroPumpStorage', 8, 'Storage Power', 0.24920871847022158], ['Germany', 'Hydroregulated', 1, 'Generation', 0.010248285378436996], ['Germany', 'Hydroregulated', 2, 'Generation', 0.0069263884797318015], ['Germany', 'Hydroregulated', 3, 'Generation', 0.004130428719553234], ['Germany', 'Hydroregulated', 4, 'Generation', 0.0033101385197929316], ['Germany', 'Hydroregulated', 5, 'Generation', 0.03056416435542416], ['Germany', 'Hydroregulated', 6, 'Generation', 0.017942799042494746], ['Germany', 'Hydroregulated', 7, 'Generation', 0.023378659788064457], ['Germany', 'Hydroregulated', 8, 'Generation', 0.015335195999445765], ['Germany', 'Hydrorun-of-the-river', 1, 'Generation', 0.0], ['Germany', 'Hydrorun-of-the-river', 2, 'Generation', 349.0321662197], ['Germany', 'Hydrorun-of-the-river', 3, 'Generation', 503.63043572493484], ['Germany', 'Hydrorun-of-the-river', 4, 'Generation', 0.0], ['Germany', 'Hydrorun-of-the-river', 5, 'Generation', 0.12456262231244548], ['Germany', 'Hydrorun-of-the-river', 6, 'Generation', 0.035618908608080514], ['Germany', 'Hydrorun-of-the-river', 7, 'Generation', 0.0024815937058152633], ['Germany', 'Hydrorun-of-the-river', 8, 'Generation', 0.00689847650435965], ['Germany', 'Li-Ion_BESS', 1, 'Storage Energy', 1519.7903636020146], ['Germany', 'Li-Ion_BESS', 1, 'Storage Power', 956.2154509528616], ['Germany', 'Li-Ion_BESS', 2, 'Storage Energy', 7583.795492402515], ['Germany', 'Li-Ion_BESS', 2, 'Storage Power', 3640.517397137334], ['Germany', 'Li-Ion_BESS', 3, 'Storage Energy', 25846.362012651858], ['Germany', 'Li-Ion_BESS', 3, 'Storage Power', 2493.06771822717], ['Germany', 'Li-Ion_BESS', 4, 'Storage Energy', 0.0], ['Germany', 'Li-Ion_BESS', 4, 'Storage Power', 0.0], ['Germany', 'Li-Ion_BESS', 5, 'Storage Energy', 137026.3861985554], ['Germany', 'Li-Ion_BESS', 5, 'Storage Power', 237315.76184545466], ['Germany', 'Li-Ion_BESS', 6, 'Storage Energy', 157677.2815364721], ['Germany', 'Li-Ion_BESS', 6, 'Storage Power', 239304.55773746903], ['Germany', 'Li-Ion_BESS', 7, 'Storage Energy', 115331.29843614603], ['Germany', 'Li-Ion_BESS', 7, 'Storage Power', 251573.4645707398], ['Germany', 'Li-Ion_BESS', 8, 'Storage Energy', 423745.26976004674], ['Germany', 'Li-Ion_BESS', 8, 'Storage Power', 199443.54076908485], ['Germany', 'Liginiteexisting', 1, 'Generation', 0.0], ['Germany', 'Liginiteexisting', 2, 'Generation', 0.0], ['Germany', 'Liginiteexisting', 3, 'Generation', 0.0], ['Germany', 'Liginiteexisting', 4, 'Generation', 0.0], ['Germany', 'Liginiteexisting', 5, 'Generation', 0.0], ['Germany', 'Liginiteexisting', 6, 'Generation', 0.0], ['Germany', 'Liginiteexisting', 7, 'Generation', 0.0], ['Germany', 'Liginiteexisting', 8, 'Generation', 0.0], ['Germany', 'Lignite', 1, 'Generation', 23.156249226930477], ['Germany', 'Lignite', 2, 'Generation', 139734.16575808363], ['Germany', 'Lignite', 3, 'Generation', 135084.94913421618], ['Germany', 'Lignite', 4, 'Generation', 8559.620535846962], ['Germany', 'Lignite', 5, 'Generation', 1766.8842059420922], ['Germany', 'Lignite', 6, 'Generation', 3464.0940864796585], ['Germany', 'Lignite', 7, 'Generation', 0.0], ['Germany', 'Lignite', 8, 'Generation', 0.0912062337171744], ['Germany', 'LigniteCCSadv', 1, 'Generation', 0.0], ['Germany', 'LigniteCCSadv', 2, 'Generation', 0.0], ['Germany', 'LigniteCCSadv', 3, 'Generation', 0.0], ['Germany', 'LigniteCCSadv', 4, 'Generation', 0.0], ['Germany', 'LigniteCCSadv', 5, 'Generation', 0.0], ['Germany', 'LigniteCCSadv', 6, 'Generation', 0.0], ['Germany', 'LigniteCCSadv', 7, 'Generation', 0.0], ['Germany', 'LigniteCCSadv', 8, 'Generation', 0.0], ['Germany', 'LigniteCCSsup', 1, 'Generation', 0.0], ['Germany', 'LigniteCCSsup', 2, 'Generation', 0.0], ['Germany', 'LigniteCCSsup', 3, 'Generation', 0.0], ['Germany', 'LigniteCCSsup', 4, 'Generation', 0.0], ['Germany', 'LigniteCCSsup', 5, 'Generation', 0.0], ['Germany', 'LigniteCCSsup', 6, 'Generation', 0.0], ['Germany', 'LigniteCCSsup', 7, 'Generation', 0.0], ['Germany', 'LigniteCCSsup', 8, 'Generation', 0.0], ['Germany', 'Nuclear', 1, 'Generation', 0.0], ['Germany', 'Nuclear', 2, 'Generation', 0.0], ['Germany', 'Nuclear', 3, 'Generation', 0.0], ['Germany', 'Nuclear', 4, 'Generation', 0.0], ['Germany', 'Nuclear', 5, 'Generation', 0.0], ['Germany', 'Nuclear', 6, 'Generation', 0.0], ['Germany', 'Nuclear', 7, 'Generation', 0.0], ['Germany', 'Nuclear', 8, 'Generation', 0.0], ['Germany', 'Oilexisting', 1, 'Generation', 0.0], ['Germany', 'Oilexisting', 2, 'Generation', 0.0], ['Germany', 'Oilexisting', 3, 'Generation', 0.0], ['Germany', 'Oilexisting', 4, 'Generation', 0.0], ['Germany', 'Oilexisting', 5, 'Generation', 0.0], ['Germany', 'Oilexisting', 6, 'Generation', 0.0], ['Germany', 'Oilexisting', 7, 'Generation', 0.0], ['Germany', 'Oilexisting', 8, 'Generation', 0.0], ['Germany', 'Solar', 1, 'Generation', 0.5676248287942087], ['Germany', 'Solar', 2, 'Generation', 0.7269179604766498], ['Germany', 'Solar', 3, 'Generation', 1099.8243122048016], ['Germany', 'Solar', 4, 'Generation', 419956.6594843063], ['Germany', 'Solar', 5, 'Generation', 499999.39964476146], ['Germany', 'Solar', 6, 'Generation', 484088.92446119874], ['Germany', 'Solar', 7, 'Generation', 220255.62530007365], ['Germany', 'Solar', 8, 'Generation', 3442.7443817049716], ['Germany', 'Waste', 1, 'Generation', 273.1194388107775], ['Germany', 'Waste', 2, 'Generation', 0.03124092905012281], ['Germany', 'Waste', 3, 'Generation', 0.8666481221454628], ['Germany', 'Waste', 4, 'Generation', 0.0], ['Germany', 'Waste', 5, 'Generation', 273.6148165610719], ['Germany', 'Waste', 6, 'Generation', 0.16733786664812278], ['Germany', 'Waste', 7, 'Generation', 0.7235239766188164], ['Germany', 'Waste', 8, 'Generation', 0.014686770566656213], ['Germany', 'Windoffshore', 1, 'Generation', 0.0], ['Germany', 'Windoffshore', 2, 'Generation', 0.0], ['Germany', 'Windoffshore', 3, 'Generation', 0.0], ['Germany', 'Windoffshore', 4, 'Generation', 0.0], ['Germany', 'Windoffshore', 5, 'Generation', 0.0], ['Germany', 'Windoffshore', 6, 'Generation', 2260.138701781202], ['Germany', 'Windoffshore', 7, 'Generation', 0.037295152123091764], ['Germany', 'Windoffshore', 8, 'Generation', 0.0], ['Germany', 'Windonshore', 1, 'Generation', 0.4836139391606679], ['Germany', 'Windonshore', 2, 'Generation', 1.6977102573697738], ['Germany', 'Windonshore', 3, 'Generation', 16686.615734871844], ['Germany', 'Windonshore', 4, 'Generation', 0.0], ['Germany', 'Windonshore', 5, 'Generation', 67981.9595373582], ['Germany', 'Windonshore', 6, 'Generation', 29037.364835227152], ['Germany', 'Windonshore', 7, 'Generation', 27815.032628258225], ['Germany', 'Windonshore', 8, 'Generation', 0.0]]","{'Germany': tensor([[[50787.8438, 48785.2656, 47812.7461,  ..., 73292.1719,
          72056.2500, 68327.0859],
         [57189.6133, 54096.1523, 51559.0508,  ..., 73292.1719,
          72056.2500, 68327.0859],
         [68483.6328, 69860.2734, 65860.7344,  ..., 73144.8047,
          73290.8594, 73347.8359],
         ...,
         [47495.0508, 46884.7617, 48499.4883,  ..., 73292.1719,
          72056.2500, 68327.0859],
         [47770.9570, 50212.8281, 53325.9727,  ..., 75577.5859,
          71745.5859, 68877.8203],
         [55940.0859, 63365.4453, 69700.6562,  ..., 73144.8047,
          73290.8594, 73347.8359]]]), 'Denmark': tensor([[[3508.2900, 3370.5901, 3296.3701,  ..., 5489.7598, 5087.6899,
          4751.6299],
         [3605.3401, 3352.7400, 3107.5300,  ..., 5489.7598, 5087.6899,
          4751.6299],
         [4756.5698, 4628.8501, 4299.8599,  ..., 4805.8799, 4789.6099,
          4742.5400],
         ...,
         [3866.5400, 3910.2000, 4190.8398,  ..., 5489.7598, 5087.6899,
          4751.6299],
         [3297.7600, 3567.5901, 3791.6201,  ..., 5412.8301, 5131.8799,
          4807.9302],
         [3381.1101, 4037.7900, 4786.6299,  ..., 4805.8799, 4789.6099,
          4742.5400]]]), 'France': tensor([[[73848., 72682., 71611.,  ..., 86271., 85804., 81243.],
         [64581., 65907., 63400.,  ..., 86271., 85804., 81243.],
         [58659., 62882., 59567.,  ..., 93696., 93473., 92073.],
         ...,
         [51424., 49452., 49468.,  ..., 86271., 85804., 81243.],
         [50591., 51591., 54199.,  ..., 94306., 89927., 85749.],
         [57954., 63638., 69600.,  ..., 93696., 93473., 92073.]]])}","{'Germany': tensor([[[ 93.6825,  76.6250, 119.7925,  ...,  13.2500,  18.7075,   9.3525],
         [ 76.6700,  78.4825,  74.3425,  ...,  37.9300,  35.5000,  29.5200],
         [ 48.5350,  83.4875, 185.0450,  ...,  26.9275,  88.7225,  81.5050],
         ...,
         [177.8350, 128.2725,  87.1850,  ...,  69.9975,  65.6025,  71.3150],
         [119.9750,  92.1775,  53.8775,  ...,  92.0750, 141.7575, 188.0500],
         [114.1900, 146.4050, 141.2775,  ...,  19.4125,  10.0775,  73.5250]]]), 'France': tensor([[[3128., 4067., 4316.,  ..., 2052., 3217., 3477.],
         [2574., 2167., 1425.,  ..., 4134., 4387., 3178.],
         [ 870., 1540., 2319.,  ..., 1809., 1785., 2180.],
         ...,
         [1122., 1544., 1964.,  ..., 2741., 2796., 2543.],
         [3574., 3150., 1190.,  ...,  660.,  422.,  920.],
         [ 716.,  824.,  801.,  ...,  224.,  223.,  253.]]])}","{'Germany': tensor([[[0.5009, 0.4939, 0.4910,  ..., 0.0585, 0.0644, 0.0674],
         [0.6181, 0.6208, 0.6204,  ..., 0.0585, 0.0644, 0.0674],
         [0.7390, 0.7391, 0.7395,  ..., 0.0551, 0.0475, 0.0360],
         ...,
         [0.4790, 0.4787, 0.4802,  ..., 0.0585, 0.0644, 0.0674],
         [0.6793, 0.6881, 0.6920,  ..., 0.4029, 0.4033, 0.3998],
         [0.4113, 0.4098, 0.4063,  ..., 0.0551, 0.0475, 0.0360]]]), 'Denmark': tensor([[[0.6320, 0.6300, 0.6320,  ..., 0.2948, 0.3124, 0.3304],
         [0.4360, 0.4300, 0.4240,  ..., 0.2948, 0.3124, 0.3304],
         [0.2000, 0.2000, 0.2000,  ..., 0.2889, 0.2908, 0.2903],
         ...,
         [0.0000, 0.0000, 0.0000,  ..., 0.2948, 0.3124, 0.3304],
         [0.0700, 0.0760, 0.0740,  ..., 0.6295, 0.6328, 0.6163],
         [0.4000, 0.4000, 0.4000,  ..., 0.2889, 0.2908, 0.2903]]]), 'France': tensor([[[0.7551, 0.7064, 0.6672,  ..., 0.1839, 0.1708, 0.1548],
         [0.8173, 0.8192, 0.7984,  ..., 0.1839, 0.1708, 0.1548],
         [0.4614, 0.4607, 0.4562,  ..., 0.1930, 0.1657, 0.1236],
         ...,
         [0.2388, 0.2312, 0.2462,  ..., 0.1839, 0.1708, 0.1548],
         [0.6159, 0.6495, 0.6306,  ..., 0.7058, 0.7020, 0.6975],
         [0.3725, 0.3660, 0.3806,  ..., 0.1930, 0.1657, 0.1236]]])}"
